Player;Season;Season Type;Team;Games;Min;Pts;OReb;Dreb;Reb;Ast;Stl;Blk;TO;PF;FGM;FGA;FG%;3PTM;3PTA;3PT%;FTM;FTA;FT%
Allen Iverson;2004-2005;REG;76ers;75;42.39;30.69;0.68;3.31;3.99;7.95;2.40;0.12;4.59;1.87;10.28;24.24;0.424;1.39;4.51;0.308;8.75;10.48;0.835
Kobe Bryant;2004-2005;REG;Lakers;66;40.74;27.56;1.44;4.50;5.94;6.03;1.30;0.80;4.09;2.64;8.68;20.06;0.433;1.98;5.86;0.338;8.21;10.06;0.816
LeBron James;2004-2005;REG;Cavaliers;80;42.29;27.19;1.39;5.96;7.35;7.21;2.21;0.65;3.28;1.83;9.94;21.05;0.472;1.35;3.85;0.351;5.96;7.95;0.750
Dirk Nowitzki;2004-2005;REG;Mavericks;78;38.80;26.05;1.23;8.47;9.71;3.08;1.24;1.53;2.26;2.81;8.50;18.53;0.459;1.17;2.92;0.399;7.88;9.08;0.869
Amar'e Stoudemire;2004-2005;REG;Suns;80;36.04;26.00;2.74;6.18;8.91;1.64;0.96;1.63;2.36;3.48;9.34;16.70;0.559;0.04;0.20;0.188;7.29;9.94;0.733
Tracy McGrady;2004-2005;REG;Rockets;78;40.82;25.68;0.91;5.29;6.21;5.74;1.73;0.67;2.58;2.14;9.17;21.28;0.431;1.82;5.58;0.326;5.53;7.14;0.774
Gilbert Arenas;2004-2005;REG;Wizards;80;40.96;25.48;1.04;3.69;4.73;5.14;1.74;0.29;3.03;3.06;8.20;19.04;0.431;2.56;7.03;0.365;6.51;8.00;0.814
Metta World Peace;2004-2005;REG;Pacers;7;41.54;24.57;1.14;5.29;6.43;3.14;1.71;0.86;2.43;3.86;8.43;17.00;0.496;1.00;2.43;0.412;6.71;7.29;0.922
Vince Carter;2004-2005;REG;Raptors, Nets;77;36.84;24.49;1.38;3.83;5.21;4.25;1.42;0.62;2.18;3.16;9.04;20.01;0.452;1.65;4.06;0.406;4.77;5.97;0.798
Jermaine O'Neal;2004-2005;REG;Pacers;44;34.87;24.27;1.93;6.89;8.82;1.86;0.57;2.00;2.98;3.93;8.77;19.41;0.452;0.02;0.14;0.166;6.70;8.89;0.754
Dwyane Wade;2004-2005;REG;Heat;77;38.65;24.08;1.43;3.73;5.16;6.75;1.57;1.06;4.17;2.99;8.18;17.12;0.478;0.17;0.58;0.289;7.55;9.90;0.762
Ray Allen;2004-2005;REG;SuperSonics;78;38.97;23.94;1.01;3.44;4.45;3.71;1.08;0.06;2.19;2.14;8.21;19.15;0.428;2.68;7.13;0.376;4.85;5.49;0.883
Michael Redd;2004-2005;REG;Bucks;75;38.04;22.97;0.96;3.20;4.16;2.29;0.84;0.11;1.77;2.03;8.33;18.91;0.441;1.39;3.91;0.355;4.92;5.76;0.854
Shaquille O'Neal;2004-2005;REG;Heat;73;34.18;22.86;3.47;6.95;10.41;2.74;0.49;2.34;2.78;3.59;9.01;15.00;0.601;0.00;0.00;0.000;4.84;10.48;0.461
Richard Jefferson;2004-2005;REG;Nets;33;41.14;22.21;1.48;5.79;7.27;4.03;1.00;0.52;4.00;3.30;7.21;17.09;0.422;0.91;2.70;0.337;6.88;8.15;0.844
Corey Maggette;2004-2005;REG;Clippers;66;37.05;22.18;1.06;4.91;5.97;3.41;1.06;0.12;2.95;2.89;6.44;14.94;0.431;0.77;2.55;0.304;8.53;9.95;0.857
Kevin Garnett;2004-2005;REG;Timberwolves;82;38.06;22.16;3.01;10.50;13.51;5.68;1.48;1.37;2.71;2.52;8.33;16.59;0.502;0.07;0.30;0.240;5.43;6.70;0.811
Larry Hughes;2004-2005;REG;Wizards;61;38.62;22.05;1.21;5.05;6.26;4.67;2.89;0.30;2.51;2.75;7.66;17.80;0.430;0.97;3.43;0.282;5.77;7.43;0.777
Stephon Marbury;2004-2005;REG;Knicks;82;40.14;21.72;0.61;2.41;3.02;8.15;1.49;0.07;2.84;2.27;7.37;15.95;0.462;1.40;3.96;0.354;5.59;6.70;0.834
Jason Richardson;2004-2005;REG;Warriors;72;37.76;21.65;1.74;4.15;5.89;3.90;1.46;0.44;2.35;2.17;8.47;19.00;0.446;1.74;5.14;0.338;2.97;4.29;0.693
Paul Pierce;2004-2005;REG;Celtics;82;36.06;21.57;0.95;5.62;6.57;4.24;1.62;0.48;2.80;3.11;6.78;14.91;0.455;1.32;3.56;0.370;6.70;8.15;0.822
Steve Francis;2004-2005;REG;Magic;78;38.13;21.32;1.62;4.15;5.77;7.01;1.44;0.36;4.06;3.50;7.22;17.05;0.423;0.49;1.63;0.299;6.40;7.77;0.823
Carmelo Anthony;2004-2005;REG;Nuggets;75;34.73;20.77;1.88;3.80;5.68;2.59;0.91;0.40;2.99;3.05;7.07;16.40;0.431;0.56;2.11;0.266;6.08;7.64;0.796
Rashard Lewis;2004-2005;REG;SuperSonics;71;38.04;20.52;1.55;3.92;5.46;1.32;1.06;0.87;1.73;2.23;7.49;16.21;0.462;2.44;6.08;0.400;3.10;3.99;0.777
Tim Duncan;2004-2005;REG;Spurs;66;33.41;20.33;3.06;8.03;11.09;2.71;0.68;2.64;1.92;2.18;7.83;15.79;0.496;0.05;0.14;0.334;4.62;6.89;0.670
Peja Stojakovic;2004-2005;REG;Kings;66;38.48;20.14;0.94;3.38;4.32;2.09;1.20;0.18;1.55;2.38;6.83;15.39;0.444;2.64;6.56;0.402;3.83;4.17;0.920
Elton Brand;2004-2005;REG;Clippers;81;36.58;20.02;3.65;5.85;9.51;2.57;0.77;2.09;2.26;2.96;7.77;15.44;0.503;0.00;0.04;0.000;4.49;5.98;0.752
Grant Hill;2004-2005;REG;Magic;67;34.43;19.66;1.15;3.60;4.75;3.28;1.45;0.42;2.40;2.15;7.72;15.15;0.509;0.04;0.19;0.231;4.18;5.09;0.821
Mike Bibby;2004-2005;REG;Kings;80;38.10;19.64;0.96;3.19;4.15;6.76;1.55;0.38;2.54;2.39;7.00;15.80;0.443;1.64;4.55;0.360;4.00;5.16;0.775
Antawn Jamison;2004-2005;REG;Wizards;68;38.36;19.62;2.35;5.28;7.63;2.26;0.81;0.24;1.74;2.22;7.63;17.49;0.437;1.04;3.06;0.341;3.31;4.35;0.760
Chris Webber;2004-2005;REG;Kings, 76ers;67;35.39;19.49;1.94;7.19;9.13;4.75;1.40;0.79;2.72;3.19;8.28;19.15;0.433;0.22;0.66;0.341;2.70;3.40;0.794
Shawn Marion;2004-2005;REG;Suns;81;38.86;19.37;2.90;8.40;11.30;1.90;2.01;1.47;1.54;2.46;7.57;15.91;0.476;1.41;4.21;0.334;2.83;3.40;0.833
Baron Davis;2004-2005;REG;Hornets, Warriors;46;34.39;19.24;0.70;3.11;3.80;7.87;1.76;0.30;2.85;2.74;6.33;16.35;0.387;2.57;7.70;0.333;4.02;5.28;0.761
Antoine Walker;2004-2005;REG;Hawks, Celtics;77;38.45;19.13;2.36;6.66;9.03;3.44;1.16;0.75;3.29;2.82;7.55;17.88;0.422;1.43;4.43;0.323;2.61;4.84;0.539
Zach Randolph;2004-2005;REG;Trail Blazers;46;34.92;18.93;3.09;6.52;9.61;1.87;0.74;0.37;2.43;2.43;7.22;16.11;0.448;0.00;0.13;0.000;4.50;5.52;0.815
Richard Hamilton;2004-2005;REG;Pistons;76;38.63;18.74;0.97;2.91;3.88;4.89;1.01;0.17;2.86;3.05;6.71;15.26;0.440;0.47;1.55;0.305;4.84;5.64;0.858
Stephen Jackson;2004-2005;REG;Pacers;51;35.20;18.69;0.86;4.04;4.90;2.33;1.25;0.27;2.41;3.02;6.47;16.06;0.403;2.02;5.61;0.360;3.73;4.49;0.830
Jalen Rose;2004-2005;REG;Raptors;81;32.93;18.46;0.54;2.86;3.41;2.58;0.78;0.12;2.22;2.35;6.51;14.31;0.455;1.33;3.38;0.394;4.11;4.81;0.854
Yao Ming;2004-2005;REG;Rockets;80;30.61;18.31;2.60;5.76;8.36;0.76;0.43;2.00;2.45;3.73;6.73;12.19;0.552;0.00;0.00;0.000;4.86;6.21;0.783
Carlos Boozer;2004-2005;REG;Jazz;51;34.90;17.82;2.76;6.20;8.96;2.82;0.80;0.47;2.69;3.51;7.08;13.59;0.521;0.00;0.02;0.000;3.67;5.25;0.698
Pau Gasol;2004-2005;REG;Grizzlies;56;31.83;17.80;2.32;5.00;7.32;2.41;0.66;1.66;2.45;2.61;6.38;12.41;0.514;0.02;0.11;0.167;5.04;6.55;0.768
Jamal Crawford;2004-2005;REG;Knicks;70;38.32;17.73;0.47;2.43;2.90;4.31;1.31;0.27;2.11;1.93;6.24;15.67;0.398;2.64;7.31;0.361;2.60;3.09;0.843
Al Harrington;2004-2005;REG;Hawks;66;38.59;17.55;2.20;4.79;6.98;3.15;1.29;0.24;3.09;3.77;6.86;14.94;0.459;0.24;1.12;0.216;3.58;5.32;0.672
Desmond Mason;2004-2005;REG;Bucks;80;36.08;17.21;1.06;2.84;3.90;2.71;0.73;0.34;2.05;2.48;5.98;13.49;0.443;0.01;0.10;0.125;5.25;6.55;0.802
Cuttino Mobley;2004-2005;REG;Magic, Kings;66;36.26;17.18;0.68;2.79;3.47;2.85;1.12;0.45;2.02;2.30;6.18;14.12;0.438;2.27;5.18;0.439;2.55;3.11;0.820
Joe Johnson;2004-2005;REG;Suns;82;39.52;17.07;1.46;3.68;5.15;3.55;0.96;0.29;1.80;2.04;6.63;14.38;0.461;2.16;4.51;0.478;1.65;2.20;0.750
Zydrunas Ilgauskas;2004-2005;REG;Cavaliers;78;33.53;16.92;3.83;4.78;8.62;1.28;0.68;2.12;2.45;4.01;5.87;12.55;0.468;0.03;0.09;0.285;5.15;6.45;0.799
Shareef Abdur-Rahim;2004-2005;REG;Trail Blazers;54;33.95;16.83;2.28;4.98;7.26;2.06;0.91;0.48;2.17;2.78;6.24;12.41;0.503;0.28;0.72;0.385;4.07;4.70;0.866
Chris Bosh;2004-2005;REG;Raptors;81;37.21;16.80;2.40;6.47;8.86;1.89;0.94;1.40;2.31;2.79;5.84;12.41;0.471;0.04;0.12;0.300;5.09;6.69;0.760
Tony Parker;2004-2005;REG;Spurs;80;33.85;16.64;0.59;3.14;3.73;6.14;1.23;0.05;2.69;2.09;6.74;13.98;0.482;0.54;1.95;0.276;2.63;4.04;0.650
Chauncey Billups;2004-2005;REG;Pistons;80;35.91;16.45;0.60;2.79;3.39;5.80;1.01;0.11;2.25;2.43;5.05;11.41;0.442;2.06;4.84;0.426;4.29;4.78;0.898
Bobby Simmons;2004-2005;REG;Clippers;75;37.44;16.39;1.71;4.24;5.95;2.73;1.41;0.21;1.80;3.03;6.32;13.56;0.466;0.67;1.53;0.435;3.08;3.64;0.846
Eddy Curry;2004-2005;REG;Bulls;63;28.75;16.06;1.84;3.52;5.37;0.59;0.33;0.92;2.59;3.21;6.24;11.59;0.538;0.00;0.00;0.000;3.59;4.98;0.720
Manu Ginobili;2004-2005;REG;Spurs;74;29.65;16.03;1.01;3.43;4.45;3.89;1.61;0.36;2.32;2.57;4.96;10.54;0.471;1.31;3.49;0.376;4.80;5.97;0.803
Ricky Davis;2004-2005;REG;Celtics;82;32.80;15.96;0.80;2.23;3.04;3.00;1.09;0.33;2.50;2.12;5.87;12.70;0.462;0.74;2.20;0.339;3.49;4.28;0.815
Damon Stoudamire;2004-2005;REG;Trail Blazers;81;34.23;15.77;0.69;3.14;3.83;5.65;1.06;0.02;2.02;1.95;5.64;14.38;0.392;2.23;6.05;0.369;2.25;2.46;0.915
Michael Finley;2004-2005;REG;Mavericks;64;36.98;15.67;0.70;3.39;4.09;2.64;0.75;0.28;0.94;1.92;6.05;14.17;0.427;1.81;4.45;0.407;1.77;2.13;0.831
Kirk Hinrich;2004-2005;REG;Bulls;77;36.34;15.66;0.42;3.53;3.95;6.42;1.58;0.27;2.29;3.17;5.78;14.57;0.397;1.88;5.30;0.355;2.22;2.81;0.792
Brad Miller;2004-2005;REG;Kings;56;37.36;15.64;2.48;6.82;9.30;3.93;1.23;1.21;1.46;3.23;5.70;10.88;0.524;0.09;0.34;0.263;4.16;5.13;0.812
Andrei Kirilenko;2004-2005;REG;Jazz;41;32.88;15.61;2.17;4.05;6.22;3.22;1.63;3.32;2.20;2.46;5.05;10.24;0.493;0.56;1.88;0.299;4.95;6.32;0.784
Steve Nash;2004-2005;REG;Suns;75;34.31;15.53;0.76;2.56;3.32;11.48;0.99;0.08;3.27;1.81;5.73;11.43;0.502;1.25;2.91;0.431;2.81;3.17;0.887
Kenyon Martin;2004-2005;REG;Nuggets;70;32.50;15.53;2.09;5.21;7.30;2.43;1.43;1.11;2.13;3.26;6.34;12.96;0.490;0.00;0.17;0.000;2.84;4.40;0.646
Caron Butler;2004-2005;REG;Lakers;77;35.61;15.52;1.90;3.95;5.84;1.90;1.43;0.30;1.62;2.77;5.73;12.87;0.445;0.49;1.62;0.304;3.57;4.14;0.862
Wally Szczerbiak;2004-2005;REG;Timberwolves;81;31.63;15.47;1.01;2.73;3.74;2.36;0.49;0.20;1.63;2.20;5.74;11.35;0.506;0.78;2.09;0.373;3.21;3.75;0.855
Jamaal Tinsley;2004-2005;REG;Pacers;40;32.49;15.40;0.65;3.35;4.00;6.43;2.03;0.30;3.35;2.80;5.45;13.05;0.418;1.45;3.90;0.372;3.05;4.10;0.744
Troy Murphy;2004-2005;REG;Warriors;70;34.00;15.37;3.59;7.21;10.80;1.39;0.76;0.47;1.54;2.71;5.60;13.53;0.414;0.84;2.11;0.399;3.33;4.56;0.730
Lamar Odom;2004-2005;REG;Lakers;64;36.21;15.23;2.09;8.11;10.20;3.72;0.66;1.02;2.52;3.30;5.72;12.09;0.473;0.56;1.83;0.308;3.23;4.66;0.695
Emeka Okafor;2004-2005;REG;Bobcats;73;35.59;15.14;3.77;7.12;10.89;0.88;0.85;1.71;1.71;2.93;6.14;13.74;0.447;0.00;0.01;0.000;2.86;4.70;0.609
Ben Gordon;2004-2005;REG;Bulls;82;24.55;15.06;0.67;1.95;2.62;2.00;0.65;0.12;2.27;2.73;5.29;12.88;0.411;1.63;4.04;0.405;2.84;3.29;0.863
Quentin Richardson;2004-2005;REG;Suns;79;35.96;14.89;1.15;4.91;6.06;2.00;1.22;0.34;1.29;2.49;5.15;13.23;0.389;2.86;7.99;0.358;1.72;2.33;0.739
Jerry Stackhouse;2004-2005;REG;Mavericks;56;28.92;14.88;0.68;2.59;3.27;2.27;0.95;0.18;1.89;1.86;4.89;11.82;0.414;0.57;2.14;0.267;4.52;5.32;0.849
Reggie Miller;2004-2005;REG;Pacers;66;32.02;14.76;0.27;2.09;2.36;2.21;0.76;0.08;1.17;1.65;4.76;10.89;0.437;1.45;4.52;0.322;3.79;4.06;0.933
Tayshaun Prince;2004-2005;REG;Pistons;82;37.05;14.71;1.62;3.68;5.30;3.01;0.68;0.87;1.65;1.96;5.72;11.74;0.487;0.57;1.68;0.341;2.70;3.34;0.807
Rasheed Wallace;2004-2005;REG;Pistons;79;34.10;14.49;2.20;5.95;8.15;1.80;0.82;1.46;1.61;2.99;5.91;13.44;0.440;0.95;2.99;0.318;1.72;2.47;0.697
Drew Gooden;2004-2005;REG;Cavaliers;82;30.76;14.44;2.52;6.66;9.18;1.59;0.94;0.93;1.62;2.84;5.66;11.50;0.492;0.06;0.34;0.179;3.06;3.78;0.810
Jason Kidd;2004-2005;REG;Nets;66;36.70;14.41;1.42;5.97;7.39;8.26;1.86;0.14;2.53;1.67;5.15;12.95;0.398;1.95;5.42;0.360;2.15;2.91;0.740
Rafer Alston;2004-2005;REG;Raptors;80;34.01;14.20;0.53;2.96;3.49;6.43;1.48;0.09;2.13;2.65;5.04;12.18;0.414;1.74;4.86;0.357;2.39;3.23;0.740
Lee Nailon;2004-2005;REG;Hornets;68;29.66;14.16;1.88;2.50;4.38;1.60;0.53;0.24;1.62;2.79;6.10;12.78;0.478;0.00;0.03;0.000;1.96;2.43;0.806
Hedo Turkoglu;2004-2005;REG;Magic;67;26.33;13.99;0.93;2.55;3.48;2.28;0.61;0.27;1.78;2.09;4.90;11.67;0.419;1.39;3.66;0.380;2.81;3.36;0.836
Matt Harpring;2004-2005;REG;Jazz;78;33.15;13.97;2.51;3.64;6.15;1.82;0.90;0.21;1.71;3.21;5.36;10.96;0.489;0.12;0.55;0.209;3.14;4.04;0.778
Chucky Atkins;2004-2005;REG;Lakers;82;35.52;13.60;0.38;2.02;2.40;4.37;0.89;0.02;1.84;2.21;4.73;11.10;0.426;2.15;5.55;0.387;1.99;2.48;0.803
Andre Miller;2004-2005;REG;Nuggets;82;34.72;13.57;1.22;2.90;4.12;6.94;1.48;0.10;2.68;2.49;5.21;10.91;0.477;0.07;0.48;0.154;3.09;3.68;0.838
Sam Cassell;2004-2005;REG;Timberwolves;59;25.82;13.54;0.42;2.24;2.66;5.10;0.61;0.24;1.85;2.71;5.41;11.64;0.464;0.46;1.75;0.262;2.27;2.63;0.865
Ndudi Ebi;2004-2005;REG;Timberwolves;2;26.95;13.50;3.00;5.00;8.00;0.50;0.50;0.50;1.50;3.50;5.50;10.50;0.524;0.00;0.50;0.000;2.50;4.50;0.556
Mike Miller;2004-2005;REG;Grizzlies;76;29.98;13.45;0.47;3.47;3.95;2.89;0.71;0.30;1.67;2.59;5.09;10.08;0.505;1.84;4.25;0.433;1.42;1.97;0.720
Mike Dunleavy;2004-2005;REG;Warriors;79;32.49;13.38;1.23;4.28;5.51;2.57;1.00;0.33;1.67;2.51;5.16;11.46;0.451;1.35;3.49;0.388;1.70;2.18;0.779
Primoz Brezec;2004-2005;REG;Bobcats;72;31.71;13.03;3.14;4.24;7.38;1.19;0.46;0.76;1.47;2.54;5.38;10.50;0.512;0.00;0.00;0.000;2.28;3.06;0.745
Mehmet Okur;2004-2005;REG;Jazz;82;28.10;12.85;2.37;5.15;7.51;2.02;0.39;0.83;1.72;2.77;4.32;9.22;0.468;0.21;0.77;0.270;4.01;4.72;0.850
Darius Miles;2004-2005;REG;Trail Blazers;63;26.87;12.84;1.13;3.62;4.75;2.05;1.19;1.24;2.49;3.00;5.33;11.06;0.482;0.13;0.37;0.348;2.05;3.41;0.600
Jeff McInnis;2004-2005;REG;Cavaliers;76;34.87;12.83;0.42;1.64;2.07;5.14;0.74;0.01;1.54;2.33;4.96;12.04;0.412;1.20;3.47;0.345;1.71;2.11;0.812
Latrell Sprewell;2004-2005;REG;Timberwolves;80;29.32;12.76;0.81;2.36;3.18;2.24;0.66;0.26;1.59;1.55;4.98;12.01;0.414;0.86;2.64;0.327;1.95;2.35;0.830
Eddie Jones;2004-2005;REG;Heat;80;35.44;12.73;0.48;4.59;5.06;2.65;1.08;0.48;1.24;3.14;4.39;10.25;0.428;1.78;4.78;0.372;2.18;2.70;0.806
Josh Howard;2004-2005;REG;Mavericks;76;32.19;12.61;2.22;4.14;6.37;1.43;1.53;0.64;1.61;2.78;4.96;10.43;0.475;0.45;1.51;0.296;2.24;3.05;0.733
Morris Peterson;2004-2005;REG;Raptors;82;30.68;12.55;0.87;3.28;4.15;2.06;1.11;0.22;1.13;2.67;4.34;10.34;0.420;1.57;4.09;0.385;2.29;2.76;0.832
Dan Dickau;2004-2005;REG;Mavericks, Hornets;71;29.42;12.49;0.48;2.06;2.54;4.89;1.07;0.06;2.04;2.83;4.31;10.65;0.405;1.20;3.45;0.347;2.68;3.21;0.833
Kenny Thomas;2004-2005;REG;76ers, Kings;73;29.70;12.44;2.52;4.81;7.33;2.08;0.92;0.23;1.79;3.11;5.03;10.70;0.470;0.01;0.07;0.200;2.37;3.11;0.762
Jason Terry;2004-2005;REG;Mavericks;80;30.03;12.41;0.48;1.88;2.35;5.36;1.36;0.19;1.84;2.21;4.65;9.29;0.501;1.29;3.06;0.420;1.83;2.16;0.844
Earl Boykins;2004-2005;REG;Nuggets;82;26.41;12.38;0.45;1.29;1.74;4.54;0.95;0.15;1.48;1.49;4.15;10.05;0.413;0.68;2.02;0.337;3.40;3.70;0.921
Raja Bell;2004-2005;REG;Jazz;63;28.47;12.25;0.76;2.43;3.19;1.44;0.70;0.13;1.25;3.25;4.81;10.59;0.454;0.86;2.13;0.403;1.78;2.38;0.747
Bobby Jackson;2004-2005;REG;Kings;25;21.63;12.04;0.92;2.48;3.40;2.36;0.56;0.08;1.12;2.32;4.36;10.20;0.427;1.32;3.84;0.344;2.00;2.32;0.862
Tim Thomas;2004-2005;REG;Knicks;71;27.26;11.99;0.63;2.70;3.34;1.55;0.58;0.24;1.59;3.13;4.44;10.11;0.439;1.20;2.93;0.409;1.92;2.44;0.786
Dwight Howard;2004-2005;REG;Magic;82;32.62;11.96;3.50;6.54;10.04;0.91;0.94;1.66;2.01;2.83;4.29;8.26;0.520;0.00;0.02;0.000;3.38;5.04;0.671
Marc Jackson;2004-2005;REG;76ers;81;24.37;11.96;2.27;2.74;5.01;1.00;0.40;0.22;1.62;2.11;4.20;9.02;0.465;0.00;0.02;0.000;3.57;4.31;0.828
Tony Delk;2004-2005;REG;Hawks;56;24.03;11.91;0.50;1.82;2.32;1.86;0.84;0.05;0.96;2.20;4.39;10.55;0.416;1.29;3.61;0.356;1.84;2.43;0.757
Allan Houston;2004-2005;REG;Knicks;20;26.71;11.85;0.20;0.95;1.15;2.10;0.40;0.10;1.05;2.00;4.25;10.25;0.415;1.55;4.00;0.388;1.80;2.15;0.837
David Wesley;2004-2005;REG;Hornets, Rockets;80;34.74;11.85;0.48;2.38;2.85;3.31;1.20;0.11;1.41;2.69;4.18;10.50;0.398;1.48;3.94;0.375;2.03;2.36;0.857
Derek Fisher;2004-2005;REG;Warriors;74;29.97;11.85;0.51;2.43;2.95;4.07;1.03;0.05;1.74;2.38;4.01;10.20;0.393;1.46;3.93;0.371;2.36;2.74;0.862
Vladimir Radmanovic;2004-2005;REG;SuperSonics;63;29.52;11.79;0.84;3.76;4.60;1.37;0.90;0.49;1.27;2.73;4.24;10.33;0.410;2.03;5.22;0.389;1.29;1.63;0.786
Mike James;2004-2005;REG;Bucks, Rockets;74;25.11;11.77;0.47;2.34;2.81;3.55;0.88;0.08;1.43;2.35;4.47;10.15;0.441;1.35;3.50;0.386;1.47;1.96;0.752
Jamaal Magloire;2004-2005;REG;Hornets;23;30.61;11.74;3.43;5.48;8.91;1.26;0.35;1.00;2.57;3.22;4.26;9.87;0.432;0.00;0.00;0.000;3.22;5.35;0.602
Luol Deng;2004-2005;REG;Bulls;61;26.82;11.66;1.51;3.77;5.28;2.21;0.79;0.44;1.93;1.61;4.59;10.57;0.434;0.51;1.92;0.265;1.97;2.66;0.741
Damon Jones;2004-2005;REG;Heat;82;31.44;11.65;0.17;2.65;2.82;4.28;0.54;0.06;1.20;1.48;4.04;8.85;0.456;2.74;6.35;0.432;0.83;1.05;0.791
Ruben Patterson;2004-2005;REG;Trail Blazers;70;28.07;11.56;1.80;2.10;3.90;1.97;1.51;0.30;2.04;2.34;4.56;8.59;0.531;0.03;0.36;0.080;2.41;4.03;0.599
Kyle Korver;2004-2005;REG;76ers;82;32.47;11.49;0.49;4.13;4.62;2.22;1.26;0.40;1.29;3.23;3.87;9.26;0.418;2.76;6.80;0.405;1.00;1.17;0.854
Donyell Marshall;2004-2005;REG;Raptors;65;25.46;11.49;1.46;5.12;6.58;1.25;0.88;0.71;0.65;2.09;4.03;9.11;0.443;2.32;5.58;0.416;1.11;1.40;0.791
Speedy Claxton;2004-2005;REG;Warriors, Hornets;62;30.21;11.48;0.60;2.37;2.97;6.03;1.76;0.13;1.92;2.97;4.15;9.85;0.421;0.18;0.98;0.180;3.02;4.10;0.736
Kurt Thomas;2004-2005;REG;Knicks;80;35.73;11.45;2.13;8.26;10.39;2.00;0.88;0.99;1.24;3.88;5.30;11.26;0.471;0.03;0.05;0.500;0.83;1.05;0.786
Gary Payton;2004-2005;REG;Celtics, Hawks;77;32.31;11.34;0.62;2.44;3.06;6.09;1.14;0.16;1.92;1.57;4.40;9.42;0.468;0.55;1.68;0.326;1.99;2.61;0.761
Tyronn Lue;2004-2005;REG;Rockets, Hawks;70;28.25;11.24;0.20;1.93;2.13;4.60;0.47;0.00;1.50;2.40;4.21;9.34;0.451;0.79;2.21;0.355;2.03;2.36;0.861
Antonio Daniels;2004-2005;REG;SuperSonics;75;27.01;11.24;0.27;1.99;2.25;4.12;0.68;0.04;1.04;1.04;3.64;8.31;0.438;0.65;2.20;0.297;3.31;4.05;0.816
Keith Van Horn;2004-2005;REG;Bucks, Mavericks;62;24.21;11.23;1.44;3.31;4.74;1.21;0.58;0.34;1.31;2.74;4.15;9.10;0.456;0.87;2.29;0.380;2.06;2.53;0.815
Gerald Wallace;2004-2005;REG;Bobcats;70;30.74;11.14;1.69;3.83;5.51;1.96;1.67;1.30;2.27;2.60;4.09;9.10;0.449;0.24;0.89;0.274;2.73;4.13;0.661
Nick Van Exel;2004-2005;REG;Trail Blazers;53;30.51;11.06;0.38;2.66;3.04;4.28;0.83;0.00;1.74;1.32;4.04;10.58;0.381;1.89;4.85;0.389;1.09;1.40;0.784
Raef LaFrentz;2004-2005;REG;Celtics;80;27.48;11.05;1.93;4.99;6.91;1.23;0.53;1.24;0.88;3.28;4.26;8.60;0.496;1.03;2.81;0.364;1.50;1.85;0.811
Joe Smith;2004-2005;REG;Bucks;74;30.22;10.99;2.42;4.89;7.31;0.91;0.58;0.51;1.07;3.00;4.31;8.39;0.514;0.00;0.01;0.000;2.36;3.08;0.768
Udonis Haslem;2004-2005;REG;Heat;80;33.48;10.88;2.99;6.09;9.08;1.35;0.79;0.51;1.41;3.25;4.33;8.01;0.540;0.00;0.05;0.000;2.23;2.81;0.791
P.J. Brown;2004-2005;REG;Hornets;82;34.34;10.80;3.24;5.74;8.99;2.17;0.90;0.61;1.23;2.84;4.12;9.24;0.446;0.00;0.00;0.000;2.56;2.96;0.864
Fred Jones;2004-2005;REG;Pacers;77;29.47;10.56;0.44;2.70;3.14;2.55;0.79;0.40;1.48;2.22;3.57;8.40;0.425;1.13;2.97;0.380;2.29;2.69;0.850
Jim Jackson;2004-2005;REG;Rockets, Hornets, Suns;64;31.14;10.50;0.52;3.69;4.20;2.86;0.55;0.08;1.80;2.39;3.88;9.09;0.426;1.91;4.61;0.414;0.84;0.91;0.931
Bonzi Wells;2004-2005;REG;Grizzlies;69;21.62;10.45;0.71;2.61;3.32;1.16;1.23;0.39;1.30;2.39;3.94;8.94;0.441;0.52;1.51;0.346;2.04;2.72;0.750
Marcus Camby;2004-2005;REG;Nuggets;66;30.01;10.35;1.98;8.03;10.02;2.30;0.92;3.02;1.56;2.68;4.23;9.09;0.465;0.00;0.06;0.000;1.89;2.62;0.723
J.R. Smith;2004-2005;REG;Hornets;76;24.43;10.29;0.51;1.49;2.00;1.87;0.72;0.14;1.43;1.78;3.88;9.84;0.394;1.07;3.70;0.288;1.46;2.12;0.689
Corliss Williamson;2004-2005;REG;76ers, Kings;72;21.30;10.29;1.44;2.15;3.60;1.08;0.53;0.21;1.19;3.03;3.79;8.11;0.467;0.00;0.03;0.000;2.71;3.39;0.799
Bob Sura;2004-2005;REG;Rockets;61;31.59;10.26;1.30;4.23;5.52;5.20;1.07;0.11;2.41;2.75;3.52;8.26;0.427;0.90;2.54;0.355;2.31;3.08;0.750
Jarvis Hayes;2004-2005;REG;Wizards;54;28.87;10.24;0.76;3.44;4.20;1.67;0.91;0.17;1.15;1.98;3.81;9.81;0.389;0.78;2.28;0.341;1.83;2.19;0.839
Mo Williams;2004-2005;REG;Bucks;80;28.28;10.18;0.63;2.43;3.05;6.05;0.93;0.14;2.45;2.76;4.04;9.21;0.438;0.40;1.24;0.323;1.70;2.00;0.850
Jason Williams;2004-2005;REG;Grizzlies;71;27.48;10.13;0.27;1.45;1.72;5.62;1.06;0.07;1.83;1.28;3.75;9.07;0.413;1.51;4.65;0.324;1.13;1.42;0.792
Josh Childress;2004-2005;REG;Hawks;80;29.65;10.09;2.44;3.59;6.03;1.89;0.93;0.44;1.33;2.30;3.78;8.03;0.470;0.16;0.70;0.232;2.38;2.89;0.823
Brevin Knight;2004-2005;REG;Bobcats;66;29.48;10.09;0.32;2.26;2.58;8.95;1.98;0.08;2.23;2.91;3.76;8.89;0.422;0.05;0.30;0.150;2.53;2.97;0.852
Stromile Swift;2004-2005;REG;Grizzlies;60;20.83;10.07;1.53;3.02;4.55;0.72;0.68;1.53;1.50;3.03;3.65;8.13;0.449;0.00;0.07;0.000;2.77;3.65;0.758
Luke Ridnour;2004-2005;REG;SuperSonics;82;31.38;10.05;0.67;1.82;2.49;5.89;1.15;0.28;1.82;2.26;3.65;9.01;0.405;0.82;2.17;0.376;1.94;2.20;0.883
Glenn Robinson;2004-2005;REG;Hornets, Spurs;9;17.55;10.00;0.44;2.22;2.67;0.89;0.44;0.33;0.78;2.11;3.78;8.56;0.442;0.22;0.67;0.333;2.22;2.56;0.870
Nenad Krstic;2004-2005;REG;Nets;75;26.20;9.96;2.15;3.20;5.35;1.03;0.43;0.84;1.49;3.73;3.75;7.60;0.493;0.00;0.03;0.000;2.47;3.40;0.726
Shane Battier;2004-2005;REG;Grizzlies;80;31.42;9.90;1.98;3.19;5.16;1.58;1.14;0.96;0.94;2.51;3.39;7.66;0.442;0.88;2.21;0.395;2.25;2.85;0.789
Marko Jaric;2004-2005;REG;Clippers;50;33.23;9.86;0.40;2.82;3.22;6.06;1.68;0.34;1.96;2.14;3.78;9.14;0.414;1.12;3.02;0.371;1.18;1.64;0.720
Chris Mihm;2004-2005;REG;Lakers;75;24.96;9.80;2.63;4.07;6.69;0.67;0.19;1.44;1.47;3.16;3.73;7.36;0.507;0.00;0.03;0.000;2.33;3.44;0.678
Ben Wallace;2004-2005;REG;Pistons;74;36.07;9.74;3.95;8.24;12.19;1.66;1.43;2.38;1.11;2.15;3.99;8.80;0.453;0.01;0.12;0.111;1.76;4.11;0.428
Voshon Lenard;2004-2005;REG;Nuggets;3;18.83;9.67;0.00;2.00;2.00;2.00;0.33;0.00;0.67;0.67;3.33;8.67;0.385;1.33;4.00;0.333;1.67;2.67;0.625
Josh Smith;2004-2005;REG;Hawks;74;27.71;9.66;1.99;4.19;6.18;1.72;0.80;1.95;1.82;2.12;3.70;8.14;0.455;0.05;0.31;0.174;2.20;3.20;0.688
Keith Bogans;2004-2005;REG;Bobcats;74;24.25;9.65;1.03;2.03;3.05;1.82;0.92;0.11;1.65;2.26;3.54;9.30;0.381;0.77;2.34;0.329;1.80;2.47;0.727
Lorenzen Wright;2004-2005;REG;Grizzlies;80;28.06;9.64;2.21;5.45;7.66;1.09;0.73;0.86;1.25;3.14;4.00;8.54;0.469;0.00;0.04;0.000;1.64;2.48;0.662
Antonio McDyess;2004-2005;REG;Pistons;77;23.14;9.61;2.30;3.96;6.26;0.92;0.60;0.68;1.21;2.65;3.99;7.77;0.513;0.00;0.01;0.000;1.64;2.49;0.656
Nene;2004-2005;REG;Nuggets;55;23.96;9.60;1.89;4.02;5.91;1.53;0.91;0.87;1.71;3.04;3.53;7.02;0.503;0.00;0.04;0.000;2.55;3.85;0.660
Juwan Howard;2004-2005;REG;Rockets;61;26.61;9.59;2.07;3.61;5.67;1.54;0.52;0.08;1.30;2.34;4.00;8.87;0.451;0.00;0.02;0.000;1.59;1.89;0.844
Jason Hart;2004-2005;REG;Bobcats;74;25.53;9.54;0.24;2.50;2.74;4.96;1.34;0.19;1.38;2.26;3.47;7.74;0.449;0.47;1.28;0.368;2.12;2.70;0.785
Nazr Mohammed;2004-2005;REG;Knicks, Spurs;77;25.18;9.49;3.21;4.40;7.61;0.44;0.75;1.12;1.40;3.06;3.75;7.82;0.480;0.00;0.01;0.000;1.99;2.95;0.674
Mickael Pietrus;2004-2005;REG;Warriors;67;19.93;9.49;0.97;1.85;2.82;1.22;0.69;0.27;1.37;2.07;3.19;7.48;0.427;1.00;2.91;0.344;2.10;3.01;0.698
Mark Blount;2004-2005;REG;Celtics;82;26.09;9.40;1.74;3.10;4.84;1.57;0.40;0.78;1.93;2.79;3.99;7.54;0.529;0.00;0.01;0.000;1.43;2.00;0.713
Brendan Haywood;2004-2005;REG;Wizards;68;27.45;9.37;2.97;3.85;6.82;0.84;0.76;1.68;1.41;3.21;3.51;6.28;0.560;0.00;0.00;0.000;2.34;3.84;0.609
Erick Dampier;2004-2005;REG;Mavericks;59;27.25;9.19;3.10;5.39;8.49;0.86;0.25;1.36;1.73;3.47;3.42;6.22;0.550;0.00;0.05;0.000;2.34;3.86;0.605
Derek Anderson;2004-2005;REG;Trail Blazers;47;26.27;9.19;0.53;2.19;2.72;3.04;0.77;0.09;1.49;1.89;3.23;8.32;0.389;1.23;3.21;0.384;1.49;1.85;0.805
Chris Kaman;2004-2005;REG;Clippers;63;25.67;9.08;2.14;4.57;6.71;1.16;0.41;1.08;1.83;2.89;3.90;7.86;0.497;0.00;0.02;0.000;1.27;1.92;0.661
Marquis Daniels;2004-2005;REG;Mavericks;60;23.58;9.08;1.45;2.15;3.60;2.13;1.38;0.23;1.43;2.07;3.67;8.40;0.437;0.12;0.58;0.200;1.63;2.22;0.737
Andre Iguodala;2004-2005;REG;76ers;82;32.68;9.04;1.09;4.57;5.66;3.00;1.68;0.59;1.70;2.49;3.28;6.66;0.493;0.57;1.73;0.331;1.90;2.56;0.743
Brian Cardinal;2004-2005;REG;Grizzlies;58;24.71;9.00;1.09;2.79;3.88;1.97;1.52;0.33;1.43;2.97;2.76;7.45;0.370;0.76;2.16;0.352;2.72;3.12;0.873
Matt Carroll;2004-2005;REG;Bobcats;25;17.31;8.96;0.52;1.88;2.40;0.68;0.68;0.08;1.00;1.48;2.80;7.20;0.389;0.52;1.56;0.333;2.84;3.32;0.855
Austin Croshere;2004-2005;REG;Pacers;73;24.73;8.86;1.41;3.73;5.14;1.34;0.66;0.23;1.42;2.11;2.58;6.81;0.378;0.62;2.38;0.259;3.10;3.51;0.883
Gordan Giricek;2004-2005;REG;Jazz;81;20.42;8.83;0.31;1.94;2.25;1.69;0.57;0.14;1.11;1.91;3.49;7.80;0.448;0.47;1.30;0.362;1.37;1.69;0.810
Troy Hudson;2004-2005;REG;Timberwolves;79;22.02;8.75;0.24;1.09;1.33;3.58;0.34;0.08;1.43;1.53;3.37;8.41;0.401;1.13;3.27;0.345;0.89;1.14;0.778
Jameer Nelson;2004-2005;REG;Magic;79;20.47;8.72;0.66;1.78;2.44;3.00;0.99;0.04;1.48;2.52;3.62;7.95;0.455;0.56;1.78;0.312;0.92;1.35;0.682
Jason Kapono;2004-2005;REG;Bobcats;81;18.40;8.49;0.40;1.63;2.02;0.75;0.49;0.07;0.57;1.63;3.32;8.28;0.401;0.99;2.40;0.412;0.86;1.05;0.824
Michael Sweetney;2004-2005;REG;Knicks;77;19.52;8.44;2.19;3.23;5.43;0.57;0.35;0.36;1.40;2.91;3.08;5.79;0.531;0.00;0.01;0.000;2.29;3.05;0.749
Anthony Johnson;2004-2005;REG;Pacers;63;27.88;8.44;0.51;2.33;2.84;4.79;0.94;0.24;1.52;2.29;3.22;7.24;0.445;0.65;1.71;0.380;1.35;1.79;0.752
Predrag Drobnjak;2004-2005;REG;Hawks;71;20.22;8.41;1.03;2.32;3.35;0.69;0.59;0.34;1.10;1.94;3.35;7.65;0.438;0.35;1.00;0.352;1.35;1.69;0.800
Kareem Rush;2004-2005;REG;Lakers, Bobcats;48;20.09;8.38;0.42;1.44;1.85;1.42;0.42;0.15;0.98;1.54;3.27;8.46;0.387;1.06;2.85;0.372;0.77;1.00;0.771
Andres Nocioni;2004-2005;REG;Bulls;81;23.40;8.36;0.85;3.91;4.77;1.51;0.46;0.42;1.67;2.57;2.98;7.42;0.401;0.31;1.20;0.258;2.10;2.74;0.766
Bruce Bowen;2004-2005;REG;Spurs;82;31.98;8.23;0.61;2.87;3.48;1.54;0.67;0.48;0.70;2.13;3.06;7.29;0.420;1.24;3.09;0.403;0.87;1.37;0.634
Samuel Dalembert;2004-2005;REG;76ers;72;24.84;8.18;2.60;4.93;7.53;0.49;0.64;1.68;1.58;3.35;3.47;6.63;0.524;0.00;0.00;0.000;1.24;2.06;0.601
James Posey;2004-2005;REG;Grizzlies;50;27.24;8.10;0.90;3.48;4.38;1.76;0.96;0.46;1.38;2.68;2.54;7.12;0.357;1.10;3.56;0.309;1.92;2.22;0.865
Juan Dixon;2004-2005;REG;Wizards;63;16.75;8.05;0.51;1.38;1.89;1.76;0.68;0.06;1.08;1.56;2.95;7.10;0.416;0.76;2.33;0.327;1.38;1.54;0.897
Othella Harrington;2004-2005;REG;Bulls;70;17.81;8.01;1.51;2.66;4.17;0.80;0.34;0.26;1.20;2.69;3.10;6.06;0.512;0.00;0.00;0.000;1.81;2.53;0.718
Tyson Chandler;2004-2005;REG;Bulls;80;27.35;8.00;3.26;6.43;9.69;0.81;0.86;1.76;1.48;3.35;2.59;5.24;0.494;0.00;0.03;0.000;2.83;4.20;0.673
Chris Wilcox;2004-2005;REG;Clippers;54;18.59;7.89;1.17;3.06;4.22;0.70;0.48;0.44;1.43;2.39;3.13;6.09;0.514;0.00;0.00;0.000;1.63;2.67;0.611
Keith McLeod;2004-2005;REG;Jazz;53;26.10;7.85;0.38;1.75;2.13;4.45;1.19;0.23;1.87;2.60;2.70;7.70;0.350;0.34;1.36;0.250;2.11;2.75;0.767
DeShawn Stevenson;2004-2005;REG;Magic;55;19.66;7.80;0.69;1.16;1.85;1.25;0.29;0.16;1.04;1.33;3.16;7.75;0.408;0.45;1.22;0.373;1.02;1.84;0.554
Eric Williams;2004-2005;REG;Nets, Raptors;55;24.02;7.71;0.80;2.33;3.13;1.67;0.69;0.07;1.09;2.67;2.58;6.00;0.430;0.51;1.33;0.384;2.04;2.93;0.696
Earl Watson;2004-2005;REG;Grizzlies;80;22.65;7.69;0.44;1.61;2.05;4.49;1.04;0.24;2.09;2.30;2.95;6.93;0.426;0.65;2.04;0.319;1.14;1.73;0.659
Willie Green;2004-2005;REG;76ers;57;18.76;7.67;0.39;1.95;2.33;1.75;0.60;0.11;1.32;2.12;2.72;7.42;0.366;0.53;1.84;0.286;1.70;2.19;0.776
Chris Andersen;2004-2005;REG;Hornets;67;21.34;7.66;2.04;4.07;6.12;1.06;0.21;1.49;0.96;2.15;2.85;5.34;0.534;0.00;0.04;0.000;1.96;2.84;0.689
Rodney Rogers;2004-2005;REG;Hornets, 76ers;58;23.55;7.66;1.05;3.19;4.24;1.48;0.71;0.34;1.48;2.97;2.97;7.76;0.382;0.83;2.90;0.286;0.90;1.21;0.743
Alonzo Mourning;2004-2005;REG;Nets, Raptors, Heat;37;19.00;7.62;1.43;3.92;5.35;0.49;0.22;2.00;1.54;2.22;2.70;5.73;0.472;0.00;0.00;0.000;2.22;3.81;0.582
Ron Mercer;2004-2005;REG;Nets;18;21.71;7.61;0.50;1.72;2.22;1.11;0.89;0.11;0.78;1.11;3.61;8.78;0.411;0.00;0.17;0.000;0.39;0.56;0.700
Jumaine Jones;2004-2005;REG;Lakers;76;24.13;7.59;1.41;3.83;5.24;0.86;0.58;0.32;0.64;2.17;2.76;6.39;0.432;1.34;3.43;0.391;0.72;0.99;0.733
Eddie Griffin;2004-2005;REG;Timberwolves;70;21.35;7.53;1.83;4.64;6.47;0.76;0.33;1.69;0.79;1.71;2.89;7.46;0.387;0.96;2.91;0.328;0.80;1.11;0.718
Clifford Robinson;2004-2005;REG;Warriors, Nets;71;23.82;7.51;0.76;2.18;2.94;1.46;0.87;0.75;0.93;2.55;2.85;7.37;0.386;0.94;2.72;0.347;0.87;1.37;0.639
Darius Songaila;2004-2005;REG;Kings;81;20.49;7.51;1.54;2.70;4.25;1.41;0.63;0.22;0.86;2.54;3.17;6.02;0.527;0.00;0.04;0.000;1.16;1.37;0.847
Anfernee Hardaway;2004-2005;REG;Knicks;36;24.49;7.47;0.50;1.94;2.44;2.06;0.78;0.08;1.39;2.19;3.06;7.14;0.428;0.42;1.36;0.306;0.94;1.28;0.739
Danny Fortson;2004-2005;REG;SuperSonics;62;16.63;7.47;2.53;3.08;5.61;0.13;0.24;0.11;1.47;4.27;1.90;3.65;0.522;0.00;0.00;0.000;3.66;4.16;0.880
Brent Barry;2004-2005;REG;Spurs;81;21.45;7.42;0.36;1.99;2.35;2.20;0.48;0.25;0.79;1.52;2.40;5.67;0.423;1.23;3.46;0.357;1.40;1.67;0.837
Shaun Livingston;2004-2005;REG;Clippers;30;27.31;7.40;0.73;2.23;2.97;5.03;1.07;0.37;2.50;2.73;2.97;7.17;0.414;0.00;0.07;0.000;1.47;1.97;0.746
Devin Brown;2004-2005;REG;Spurs;67;18.44;7.37;0.55;2.07;2.63;1.37;0.58;0.18;0.79;1.24;2.58;6.10;0.423;0.67;1.81;0.372;1.54;1.94;0.792
Devean George;2004-2005;REG;Lakers;15;19.54;7.33;0.87;2.67;3.53;0.93;0.53;0.13;0.80;2.13;2.47;6.93;0.356;1.40;3.87;0.362;1.00;1.33;0.750
Dan Gadzuric;2004-2005;REG;Bucks;81;21.96;7.32;3.22;5.10;8.32;0.37;0.58;1.31;1.00;2.77;3.00;5.57;0.539;0.00;0.00;0.000;1.32;2.46;0.538
Melvin Ely;2004-2005;REG;Bobcats;79;20.93;7.29;1.80;2.33;4.13;0.96;0.41;0.87;1.46;2.52;2.87;6.66;0.432;0.00;0.00;0.000;1.54;2.68;0.575
Maurice Taylor;2004-2005;REG;Rockets, Knicks;65;20.61;7.26;1.03;2.92;3.95;1.03;0.42;0.31;1.45;2.77;3.12;6.86;0.455;0.05;0.14;0.334;0.97;1.58;0.612
Matt Bonner;2004-2005;REG;Raptors;82;18.81;7.18;1.32;2.16;3.48;0.59;0.48;0.23;0.49;2.68;3.01;5.65;0.533;0.48;1.12;0.424;0.68;0.87;0.789
DerMarr Johnson;2004-2005;REG;Nuggets;71;17.27;7.08;0.61;1.52;2.13;1.06;0.61;0.25;0.92;1.97;2.61;5.23;0.499;0.75;2.08;0.358;1.13;1.42;0.792
Etan Thomas;2004-2005;REG;Wizards;47;20.84;7.06;1.81;3.38;5.19;0.43;0.36;1.09;1.06;2.83;2.72;5.43;0.502;0.00;0.00;0.000;1.62;3.06;0.528
Ronald Murray;2004-2005;REG;SuperSonics;49;17.91;7.04;0.31;1.69;2.00;1.33;0.61;0.22;1.16;1.20;2.67;7.41;0.361;0.49;1.94;0.253;1.20;1.63;0.737
Malik Rose;2004-2005;REG;Spurs, Knicks;76;19.46;7.03;1.70;2.79;4.49;0.78;0.61;0.21;1.34;2.74;2.61;5.80;0.449;0.01;0.13;0.100;1.80;2.45;0.737
Leandro Barbosa;2004-2005;REG;Suns;63;17.24;7.02;0.51;1.56;2.06;2.00;0.48;0.11;1.38;2.02;2.67;5.62;0.475;0.81;2.21;0.367;0.87;1.10;0.797
Jeff Foster;2004-2005;REG;Pacers;61;26.24;6.98;3.36;5.66;9.02;0.70;0.75;0.20;0.90;3.05;2.75;5.31;0.519;0.00;0.08;0.000;1.48;2.33;0.634
Kelvin Cato;2004-2005;REG;Magic;62;24.62;6.97;1.65;5.06;6.71;0.65;0.89;1.32;1.03;2.74;2.58;4.79;0.539;0.00;0.00;0.000;1.81;2.31;0.783
Antonio Davis;2004-2005;REG;Bulls;72;25.08;6.96;2.11;3.83;5.94;1.11;0.38;0.57;1.33;2.04;2.68;5.82;0.461;0.00;0.00;0.000;1.60;2.11;0.757
Bostjan Nachbar;2004-2005;REG;Rockets, Hornets;71;18.89;6.96;0.34;2.23;2.56;1.04;0.41;0.23;1.03;2.58;2.27;5.79;0.392;1.06;2.76;0.383;1.37;1.65;0.829
Rodney Buford;2004-2005;REG;Nets;64;20.47;6.95;0.52;2.44;2.95;0.98;0.63;0.06;0.55;1.58;2.92;7.64;0.382;0.53;1.69;0.315;0.58;0.70;0.822
Kwame Brown;2004-2005;REG;Wizards;42;21.54;6.95;1.71;3.19;4.90;0.93;0.60;0.36;1.60;2.67;2.60;5.64;0.460;0.00;0.00;0.000;1.76;3.07;0.574
Jared Jeffries;2004-2005;REG;Wizards;77;26.02;6.79;1.97;2.88;4.86;1.96;0.86;0.45;1.48;2.68;2.64;5.64;0.468;0.21;0.66;0.314;1.31;2.25;0.584
Travis Best;2004-2005;REG;Nets;76;19.17;6.76;0.25;1.16;1.41;1.88;0.87;0.12;0.88;1.95;2.50;5.95;0.420;0.34;1.12;0.306;1.42;1.61;0.885
Sebastian Telfair;2004-2005;REG;Trail Blazers;68;19.53;6.76;0.15;1.38;1.53;3.29;0.51;0.06;1.84;1.76;2.49;6.32;0.393;0.25;1.01;0.246;1.54;1.96;0.789
Al Jefferson;2004-2005;REG;Celtics;71;14.74;6.69;1.68;2.72;4.39;0.34;0.31;0.77;0.93;2.75;2.75;5.20;0.528;0.00;0.04;0.000;1.20;1.90;0.630
Doug Christie;2004-2005;REG;Kings, Magic;52;29.24;6.63;0.73;2.67;3.40;3.83;1.54;0.35;2.00;2.04;2.50;6.38;0.392;0.29;1.19;0.242;1.35;1.50;0.897
Trenton Hassell;2004-2005;REG;Timberwolves;82;25.25;6.60;0.98;1.70;2.67;1.56;0.37;0.37;0.78;2.44;2.74;5.79;0.474;0.01;0.13;0.091;1.10;1.39;0.790
Jon Barry;2004-2005;REG;Hawks, Rockets;69;21.80;6.59;0.38;1.93;2.30;2.42;0.87;0.13;0.97;1.38;2.33;5.33;0.437;1.03;2.39;0.430;0.90;1.03;0.873
Carlos Arroyo;2004-2005;REG;Jazz, Pistons;70;20.69;6.59;0.37;1.11;1.49;4.00;0.63;0.06;1.53;2.04;2.39;6.13;0.389;0.11;0.43;0.267;1.70;2.13;0.799
Casey Jacobsen;2004-2005;REG;Suns, Hornets;84;21.38;6.51;0.42;1.57;1.99;1.35;0.39;0.10;0.85;1.24;1.96;4.86;0.404;0.79;2.11;0.373;1.80;2.29;0.786
Jiri Welsch;2004-2005;REG;Celtics, Cavaliers;71;18.61;6.49;0.37;1.99;2.35;1.45;0.62;0.07;1.03;1.70;2.10;5.23;0.402;0.48;1.55;0.309;1.82;2.38;0.763
Rasual Butler;2004-2005;REG;Heat;65;18.47;6.46;0.23;2.09;2.32;0.95;0.28;0.45;0.57;1.60;2.51;6.29;0.399;0.88;2.35;0.373;0.57;0.74;0.771
Wesley Person;2004-2005;REG;Heat, Nuggets;41;16.35;6.44;0.07;1.95;2.02;0.95;0.46;0.10;0.41;0.73;2.61;5.51;0.473;1.00;2.17;0.461;0.22;0.32;0.692
Joel Przybilla;2004-2005;REG;Trail Blazers;76;24.45;6.42;2.34;5.39;7.74;0.97;0.32;2.14;1.29;3.14;2.62;4.38;0.598;0.00;0.00;0.000;1.18;2.29;0.517
Steven Smith;2004-2005;REG;Bobcats, Heat;49;15.26;6.41;0.31;1.02;1.33;1.45;0.29;0.14;0.55;1.67;2.08;5.06;0.411;0.84;2.14;0.390;1.41;1.63;0.862
Maurice Evans;2004-2005;REG;Kings;65;18.39;6.40;1.35;1.74;3.09;0.69;0.57;0.12;0.52;1.60;2.54;5.74;0.442;0.42;1.26;0.329;0.91;1.20;0.756
Jason Collins;2004-2005;REG;Nets;80;31.83;6.39;1.91;4.19;6.10;1.31;0.89;0.89;1.14;4.03;2.33;5.64;0.412;0.03;0.08;0.333;1.71;2.61;0.656
Tony Allen;2004-2005;REG;Celtics;77;16.39;6.39;1.10;1.77;2.87;0.83;0.99;0.31;1.00;2.03;2.39;5.03;0.475;0.16;0.40;0.387;1.45;1.97;0.737
Jannero Pargo;2004-2005;REG;Bulls;32;14.08;6.38;0.38;1.09;1.47;2.38;0.50;0.03;1.41;1.66;2.56;6.66;0.385;0.72;2.06;0.349;0.53;0.72;0.739
Brian Cook;2004-2005;REG;Lakers;72;15.05;6.36;0.88;2.13;3.00;0.49;0.32;0.36;0.40;1.93;2.44;5.86;0.417;1.08;2.76;0.392;0.39;0.51;0.757
Damien Wilkins;2004-2005;REG;SuperSonics;29;17.88;6.31;1.00;1.28;2.28;0.90;0.76;0.34;0.55;1.90;2.52;5.79;0.435;0.55;2.03;0.271;0.72;1.17;0.618
Brian Scalabrine;2004-2005;REG;Nets;54;21.45;6.28;1.54;2.98;4.52;1.63;0.63;0.33;1.22;2.06;2.44;6.15;0.398;0.41;1.26;0.324;0.98;1.28;0.768
Kerry Kittles;2004-2005;REG;Clippers;11;19.81;6.27;0.09;2.82;2.91;1.82;0.73;0.27;0.64;1.09;2.55;6.64;0.384;0.64;1.91;0.333;0.55;0.91;0.600
Marcus Fizer;2004-2005;REG;Bucks;54;16.75;6.22;0.54;2.70;3.24;1.19;0.46;0.24;1.17;1.78;2.46;5.41;0.455;0.00;0.11;0.000;1.30;1.91;0.680
David West;2004-2005;REG;Hornets;30;18.43;6.20;1.33;2.97;4.30;0.77;0.40;0.53;1.23;2.07;2.50;5.73;0.436;0.07;0.17;0.400;1.13;1.67;0.680
Zaza Pachulia;2004-2005;REG;Bucks;74;18.88;6.19;1.77;3.34;5.11;0.81;0.59;0.46;0.95;2.24;2.16;4.78;0.452;0.00;0.01;0.000;1.86;2.50;0.746
Greg Buckner;2004-2005;REG;Nuggets;70;21.72;6.17;0.94;2.03;2.97;1.90;1.07;0.09;0.70;2.41;2.29;4.33;0.528;0.70;1.73;0.405;0.90;1.16;0.778
David Harrison;2004-2005;REG;Pacers;43;17.71;6.14;1.12;2.02;3.14;0.30;0.37;1.28;1.23;3.12;2.47;4.28;0.576;0.00;0.00;0.000;1.21;2.12;0.571
Kendall Gill;2004-2005;REG;Bucks;14;20.24;6.07;0.79;1.86;2.64;1.93;1.00;0.29;0.64;2.64;2.29;5.71;0.400;0.21;0.64;0.333;1.29;1.43;0.900
Robert Horry;2004-2005;REG;Spurs;75;18.83;6.01;1.21;2.36;3.57;1.07;0.89;0.80;0.92;1.84;2.09;5.00;0.419;0.68;1.84;0.370;1.15;1.45;0.789
Lamond Murray;2004-2005;REG;Raptors;62;14.82;5.98;0.71;1.94;2.65;0.76;0.52;0.26;0.87;1.37;2.13;5.00;0.426;0.74;1.69;0.438;0.98;1.29;0.763
Zarko Cabarkapa;2004-2005;REG;Suns, Warriors;40;11.92;5.95;0.88;1.68;2.55;0.63;0.25;0.13;0.75;1.48;2.15;4.43;0.486;0.33;0.90;0.361;1.33;1.63;0.815
Michael Olowokandi;2004-2005;REG;Timberwolves;62;19.63;5.94;1.71;3.52;5.23;0.47;0.24;0.90;1.10;3.11;2.60;5.69;0.456;0.00;0.00;0.000;0.74;1.11;0.667
Chris Duhon;2004-2005;REG;Bulls;82;26.46;5.94;0.28;2.32;2.60;4.85;1.00;0.04;1.45;2.50;2.10;5.95;0.352;1.15;3.23;0.355;0.60;0.82;0.731
Ira Newble;2004-2005;REG;Cavaliers;74;24.15;5.92;1.05;1.92;2.97;1.23;0.68;0.24;0.82;1.95;2.46;5.73;0.429;0.26;0.72;0.359;0.74;0.93;0.797
Beno Udrih;2004-2005;REG;Spurs;80;14.44;5.89;0.20;0.84;1.04;1.88;0.51;0.13;0.96;1.20;2.16;4.88;0.444;0.73;1.78;0.408;0.84;1.11;0.753
Rasho Nesterovic;2004-2005;REG;Spurs;70;25.43;5.86;2.63;3.93;6.56;1.01;0.44;1.67;1.04;2.96;2.83;6.14;0.460;0.00;0.00;0.000;0.20;0.43;0.467
Trevor Ariza;2004-2005;REG;Knicks;80;17.30;5.85;1.11;1.91;3.03;1.06;0.88;0.23;0.91;1.88;2.15;4.86;0.442;0.04;0.16;0.231;1.51;2.18;0.695
Zeljko Rebraca;2004-2005;REG;Clippers;58;16.00;5.84;0.84;2.33;3.17;0.45;0.22;0.69;0.84;2.24;2.29;4.03;0.568;0.00;0.00;0.000;1.26;1.47;0.859
Milt Palacio;2004-2005;REG;Raptors;80;19.14;5.84;0.33;1.35;1.68;3.49;0.60;0.16;1.30;1.58;2.19;4.90;0.446;0.03;0.15;0.167;1.44;1.94;0.742
Eddie House;2004-2005;REG;Bobcats, Bucks, Kings;68;13.05;5.84;0.24;0.99;1.22;1.41;0.65;0.09;0.51;0.96;2.43;5.38;0.451;0.65;1.43;0.454;0.34;0.40;0.852
Fred Hoiberg;2004-2005;REG;Timberwolves;76;16.43;5.75;0.42;1.96;2.38;1.12;0.66;0.20;0.26;1.38;1.83;3.74;0.489;0.92;1.91;0.483;1.17;1.34;0.873
Jason Collier;2004-2005;REG;Hawks;70;13.48;5.74;1.20;1.43;2.63;0.26;0.21;0.19;0.90;2.10;2.49;5.37;0.463;0.09;0.20;0.429;0.69;1.01;0.676
Devin Harris;2004-2005;REG;Mavericks;76;15.41;5.74;0.37;0.97;1.34;2.22;1.01;0.25;1.08;1.83;2.07;4.82;0.429;0.58;1.72;0.336;1.03;1.36;0.757
Toni Kukoc;2004-2005;REG;Bucks;52;20.42;5.69;0.56;2.46;3.02;3.04;0.75;0.25;1.17;1.31;2.02;4.85;0.417;0.81;2.23;0.362;0.85;1.17;0.721
Junior Harrington;2004-2005;REG;Hornets;29;19.00;5.62;0.45;1.72;2.17;2.14;0.86;0.17;1.41;2.48;2.21;6.14;0.360;0.21;0.66;0.316;1.00;1.21;0.829
Nick Collison;2004-2005;REG;SuperSonics;82;17.00;5.62;1.89;2.68;4.57;0.39;0.41;0.61;0.76;3.07;2.30;4.30;0.535;0.00;0.04;0.000;1.01;1.44;0.703
Howard Eisley;2004-2005;REG;Jazz;74;19.30;5.61;0.20;1.01;1.22;3.38;0.61;0.12;1.50;2.11;2.18;5.47;0.398;0.36;1.39;0.262;0.89;1.12;0.795
Robert Traylor;2004-2005;REG;Cavaliers;74;17.96;5.53;1.84;2.65;4.49;0.82;0.73;0.68;0.99;2.91;2.39;5.39;0.444;0.00;0.11;0.000;0.74;1.38;0.539
Alex Garcia;2004-2005;REG;Hornets;8;18.25;5.50;0.88;1.00;1.88;2.25;0.50;0.13;1.00;1.88;2.25;6.50;0.346;0.63;2.25;0.278;0.38;0.50;0.750
Obinna Ekezie;2004-2005;REG;Hawks;42;17.43;5.48;1.64;2.62;4.26;0.26;0.52;0.29;1.07;3.07;1.88;4.33;0.434;0.00;0.02;0.000;1.71;2.21;0.774
Rick Brunson;2004-2005;REG;Clippers;80;24.19;5.46;0.29;2.05;2.34;5.13;1.03;0.09;1.56;1.33;2.08;5.53;0.376;0.60;1.63;0.369;0.71;0.93;0.770
Travis Outlaw;2004-2005;REG;Trail Blazers;59;13.48;5.41;0.68;1.37;2.05;0.59;0.51;0.68;0.66;1.31;2.25;4.53;0.498;0.07;0.17;0.400;0.83;1.27;0.653
Malik Allen;2004-2005;REG;Heat, Bobcats;36;14.16;5.39;1.11;1.64;2.75;0.50;0.25;0.61;0.50;1.47;2.33;4.92;0.475;0.00;0.00;0.000;0.72;0.78;0.929
Charlie Ward;2004-2005;REG;Rockets;14;25.62;5.36;0.43;2.36;2.79;3.07;1.07;0.00;1.29;1.57;1.71;5.50;0.312;1.14;3.64;0.314;0.79;0.93;0.846
Mikki Moore;2004-2005;REG;Clippers;74;15.92;5.35;1.31;2.01;3.32;0.64;0.26;0.43;0.85;2.34;1.95;3.88;0.502;0.01;0.07;0.200;1.45;1.84;0.787
Christian Laettner;2004-2005;REG;Heat;49;14.64;5.31;0.73;1.94;2.67;0.84;0.65;0.31;0.59;1.59;2.18;3.76;0.582;0.02;0.14;0.143;0.92;1.20;0.763
Jacque Vaughn;2004-2005;REG;Nets;71;19.83;5.25;0.24;1.27;1.51;1.90;0.58;0.01;0.87;1.94;2.06;4.58;0.449;0.07;0.21;0.333;1.07;1.28;0.835
Anthony Goldwire;2004-2005;REG;Bucks, Pistons;33;16.14;5.21;0.30;1.48;1.79;2.36;0.45;0.00;0.45;0.97;1.73;4.12;0.419;0.97;2.42;0.400;0.79;0.94;0.839
Eduardo Najera;2004-2005;REG;Warriors, Nuggets;68;17.36;5.21;1.50;2.07;3.57;0.96;0.60;0.35;0.90;2.18;2.13;4.74;0.450;0.09;0.31;0.286;0.85;1.34;0.637
Raul Lopez;2004-2005;REG;Jazz;31;16.67;5.19;0.23;1.03;1.26;3.97;0.71;0.10;1.52;2.52;1.84;4.35;0.422;0.65;1.45;0.444;0.87;1.06;0.818
Keyon Dooling;2004-2005;REG;Heat;74;16.00;5.16;0.15;1.07;1.22;1.78;0.53;0.15;0.88;1.62;1.88;4.66;0.403;0.26;1.01;0.253;1.15;1.47;0.780
Jonathan Bender;2004-2005;REG;Pacers;7;13.35;5.14;0.71;1.29;2.00;0.57;0.14;0.29;1.43;1.29;2.29;5.71;0.400;0.14;0.71;0.200;0.43;0.86;0.500
Tom Gugliotta;2004-2005;REG;Celtics, Hawks;47;20.55;5.09;1.19;2.87;4.06;1.45;0.87;0.36;1.21;2.21;2.11;5.13;0.411;0.17;0.55;0.308;0.70;0.91;0.767
Quinton Ross;2004-2005;REG;Clippers;78;21.06;5.09;0.76;1.94;2.69;1.40;0.65;0.28;0.69;2.12;2.06;4.78;0.432;0.01;0.05;0.250;0.95;1.41;0.673
Zoran Planinic;2004-2005;REG;Nets;43;11.93;5.05;0.44;1.16;1.60;1.02;0.58;0.00;0.95;1.77;1.81;4.05;0.448;0.35;0.93;0.375;1.07;1.53;0.697
Rodney White;2004-2005;REG;Nuggets, Warriors;58;11.72;5.05;0.41;1.12;1.53;0.76;0.55;0.19;0.64;1.10;2.09;4.98;0.419;0.41;1.03;0.400;0.47;0.76;0.614
Kirk Snyder;2004-2005;REG;Jazz;68;13.26;4.97;0.74;1.04;1.78;0.53;0.38;0.28;0.85;1.71;1.79;4.82;0.372;0.44;1.25;0.353;0.94;1.41;0.667
James Jones;2004-2005;REG;Pacers;75;17.67;4.95;0.52;1.80;2.32;0.76;0.41;0.37;0.57;1.64;1.68;4.24;0.396;0.88;2.21;0.398;0.71;0.83;0.855
Jerome James;2004-2005;REG;SuperSonics;80;16.57;4.94;1.01;2.00;3.01;0.24;0.29;1.39;1.10;3.49;2.18;4.28;0.509;0.00;0.03;0.000;0.59;0.81;0.723
Anderson Varejao;2004-2005;REG;Cavaliers;54;16.08;4.93;2.02;2.74;4.76;0.50;0.76;0.70;0.48;2.26;1.83;3.57;0.513;0.00;0.04;0.000;1.26;2.35;0.535
Reggie Evans;2004-2005;REG;SuperSonics;79;23.78;4.90;3.22;6.10;9.32;0.73;0.73;0.19;1.32;2.56;1.66;3.48;0.476;0.00;0.03;0.000;1.58;2.96;0.534
Tony Battie;2004-2005;REG;Magic;81;23.53;4.86;1.35;4.23;5.58;0.52;0.37;1.00;1.00;3.01;2.01;4.37;0.460;0.00;0.07;0.000;0.84;1.16;0.723
Erick Strickland;2004-2005;REG;Bucks;62;16.31;4.85;0.18;1.48;1.66;1.85;0.48;0.02;1.03;1.66;1.84;4.90;0.375;0.34;1.34;0.253;0.84;1.03;0.812
Sasha Pavlovic;2004-2005;REG;Cavaliers;65;13.34;4.83;0.23;0.86;1.09;0.75;0.45;0.06;0.72;1.86;1.85;4.25;0.435;0.46;1.20;0.385;0.68;0.98;0.687
Theo Ratliff;2004-2005;REG;Trail Blazers;63;27.36;4.83;1.76;3.49;5.25;0.54;0.37;2.51;0.89;2.90;1.83;4.08;0.447;0.00;0.00;0.000;1.17;1.70;0.692
Boris Diaw;2004-2005;REG;Hawks;66;18.10;4.76;0.82;1.76;2.58;2.26;0.56;0.27;1.32;1.86;1.88;4.45;0.422;0.14;0.76;0.180;0.86;1.17;0.740
Eric Piatkowski;2004-2005;REG;Bulls;68;12.36;4.76;0.22;0.94;1.16;0.75;0.43;0.01;0.54;0.99;1.63;3.79;0.430;0.84;1.97;0.425;0.66;0.82;0.804
Brian Skinner;2004-2005;REG;76ers, Kings;49;19.26;4.76;2.18;3.53;5.71;0.88;0.63;1.00;0.82;2.08;2.12;4.18;0.507;0.00;0.02;0.000;0.51;1.43;0.357
Kenny Anderson;2004-2005;REG;Hawks, Clippers;43;17.31;4.72;0.56;1.49;2.05;2.40;0.77;0.00;1.14;2.02;1.98;4.67;0.423;0.14;0.30;0.461;0.63;0.86;0.730
Dale Davis;2004-2005;REG;Warriors, Hornets, Pacers;61;21.45;4.66;2.49;3.66;6.15;0.77;0.52;1.07;0.70;2.66;1.84;3.84;0.479;0.00;0.00;0.000;0.98;1.62;0.606
Delonte West;2004-2005;REG;Celtics;38;12.90;4.61;0.37;1.29;1.66;1.32;0.55;0.21;0.63;1.79;1.74;4.00;0.434;0.63;1.71;0.369;0.50;0.71;0.704
Jackson Vroman;2004-2005;REG;Suns, Hornets;46;15.33;4.61;1.39;2.41;3.80;0.87;0.54;0.41;1.39;2.28;1.78;4.33;0.412;0.00;0.07;0.000;1.04;1.63;0.640
Omar Cook;2004-2005;REG;Raptors;5;14.72;4.60;0.40;1.00;1.40;4.40;1.20;0.20;1.20;1.20;2.00;4.80;0.417;0.00;0.80;0.000;0.60;1.20;0.500
Marcus Banks;2004-2005;REG;Celtics;81;14.13;4.59;0.36;1.20;1.56;1.91;0.78;0.16;0.98;1.80;1.42;3.53;0.402;0.26;0.73;0.356;1.49;2.01;0.742
Steven Hunter;2004-2005;REG;Suns;76;13.80;4.58;1.29;1.70;2.99;0.17;0.05;1.34;0.58;1.72;1.78;2.89;0.614;0.00;0.01;0.000;1.03;2.14;0.479
Pat Garrity;2004-2005;REG;Magic;71;13.17;4.56;0.30;1.45;1.75;0.42;0.27;0.13;0.42;1.51;1.73;4.31;0.402;0.69;2.07;0.333;0.41;0.46;0.879
Calbert Cheaney;2004-2005;REG;Warriors;55;17.26;4.55;0.58;1.67;2.25;1.16;0.31;0.27;0.64;1.73;2.05;4.82;0.426;0.00;0.05;0.000;0.44;0.67;0.649
Jerome Williams;2004-2005;REG;Knicks;79;15.32;4.54;1.46;2.13;3.58;0.52;0.70;0.13;0.82;1.96;1.54;3.08;0.502;0.00;0.06;0.000;1.46;2.18;0.669
Ben Handlogten;2004-2005;REG;Jazz;21;14.09;4.52;1.10;2.00;3.10;0.62;0.33;0.24;0.86;2.62;2.05;3.95;0.518;0.00;0.05;0.000;0.43;0.81;0.529
Adonal Foyle;2004-2005;REG;Warriors;78;21.51;4.51;2.12;3.38;5.50;0.72;0.33;2.04;0.74;2.58;2.00;3.99;0.502;0.00;0.00;0.000;0.51;0.92;0.556
Lawrence Funderburke;2004-2005;REG;Bulls;2;10.79;4.50;0.50;1.00;1.50;0.00;0.00;0.00;0.00;1.00;1.50;3.00;0.500;0.00;0.00;0.000;1.50;2.50;0.600
Dahntay Jones;2004-2005;REG;Grizzlies;52;12.39;4.48;0.21;1.12;1.33;0.40;0.25;0.21;0.56;1.56;1.60;3.65;0.437;0.44;1.15;0.383;0.85;1.23;0.688
Bryon Russell;2004-2005;REG;Nuggets;70;14.71;4.39;0.71;1.74;2.46;1.03;0.63;0.16;0.50;1.86;1.36;3.60;0.377;0.80;2.13;0.376;0.87;1.10;0.792
Tierre Brown;2004-2005;REG;Lakers;76;13.92;4.38;0.28;0.95;1.22;2.04;0.42;0.01;0.97;0.78;1.63;4.58;0.356;0.34;0.95;0.361;0.78;0.99;0.787
Steve Blake;2004-2005;REG;Wizards;44;14.76;4.34;0.41;1.20;1.61;1.57;0.30;0.00;0.89;1.07;1.39;4.23;0.328;0.82;2.11;0.387;0.75;0.93;0.805
Lucious Harris;2004-2005;REG;Cavaliers;73;15.45;4.29;0.53;1.12;1.66;0.67;0.37;0.08;0.40;0.93;1.62;4.10;0.395;0.29;0.89;0.323;0.77;0.95;0.812
Jarron Collins;2004-2005;REG;Jazz;50;19.22;4.26;1.14;2.14;3.28;1.22;0.22;0.12;0.68;2.92;1.30;3.14;0.414;0.00;0.02;0.000;1.66;2.38;0.697
Viktor Khryapa;2004-2005;REG;Trail Blazers;32;16.51;4.22;0.88;2.50;3.38;0.78;0.63;0.56;1.03;2.50;1.69;3.88;0.435;0.13;0.34;0.364;0.72;1.31;0.548
Scott Padgett;2004-2005;REG;Rockets;66;14.25;4.17;0.71;2.09;2.80;0.83;0.50;0.15;0.45;1.80;1.48;3.53;0.421;0.76;1.91;0.397;0.44;0.61;0.725
Kris Humphries;2004-2005;REG;Jazz;67;12.98;4.15;1.09;1.85;2.94;0.64;0.37;0.27;0.78;1.43;1.73;4.28;0.404;0.03;0.09;0.334;0.66;1.51;0.436
John Salmons;2004-2005;REG;76ers;58;17.04;4.07;0.21;1.88;2.09;1.97;0.69;0.22;0.88;1.59;1.47;3.62;0.405;0.53;1.57;0.341;0.60;0.83;0.729
Matt Freije;2004-2005;REG;Hornets;23;19.17;4.04;0.70;1.96;2.65;0.87;0.57;0.09;0.74;1.74;1.61;5.52;0.291;0.61;2.35;0.259;0.22;0.35;0.625
Dikembe Mutombo;2004-2005;REG;Rockets;80;15.23;4.03;1.88;3.45;5.33;0.13;0.20;1.26;0.64;1.69;1.35;2.71;0.498;0.00;0.00;0.000;1.33;1.79;0.741
Michael Doleac;2004-2005;REG;Heat;80;14.65;4.01;0.93;2.31;3.24;0.59;0.29;0.28;0.45;2.00;1.85;4.14;0.447;0.00;0.03;0.000;0.31;0.51;0.610
Darrell Armstrong;2004-2005;REG;Hornets, Mavericks;66;14.96;4.00;0.53;1.21;1.74;2.70;0.68;0.12;1.02;1.39;1.35;4.20;0.321;0.42;1.68;0.252;0.88;1.03;0.853
Dajuan Wagner;2004-2005;REG;Cavaliers;11;9.28;4.00;0.00;0.18;0.18;1.18;0.45;0.00;0.82;1.36;1.64;5.00;0.327;0.45;2.36;0.192;0.27;0.36;0.750
Eric Snow;2004-2005;REG;Cavaliers;81;22.75;3.98;0.46;1.46;1.91;3.91;0.83;0.20;1.10;2.33;1.54;4.04;0.382;0.16;0.56;0.289;0.73;0.99;0.737
Loren Woods;2004-2005;REG;Raptors;45;15.65;3.91;1.80;3.09;4.89;0.38;0.18;0.87;0.82;1.73;1.58;3.64;0.433;0.00;0.02;0.000;0.76;1.31;0.576
Scot Pollard;2004-2005;REG;Pacers;49;17.28;3.90;1.73;2.45;4.18;0.37;0.61;0.49;0.63;2.51;1.61;3.41;0.473;0.00;0.00;0.000;0.67;1.00;0.674
Carlos Delfino;2004-2005;REG;Pistons;30;15.01;3.87;0.43;1.40;1.83;1.27;0.73;0.20;0.77;1.47;1.40;3.90;0.359;0.30;1.17;0.257;0.77;1.33;0.575
Shandon Anderson;2004-2005;REG;Knicks, Heat;66;17.77;3.86;0.62;2.27;2.89;1.06;0.61;0.21;0.76;2.09;1.48;3.29;0.452;0.08;0.44;0.173;0.82;1.00;0.818
Damone Brown;2004-2005;REG;Wizards;14;10.92;3.86;0.71;1.29;2.00;1.00;0.07;0.43;1.07;1.21;1.64;4.43;0.371;0.29;0.79;0.364;0.29;0.64;0.444
Lindsey Hunter;2004-2005;REG;Pistons;74;14.85;3.85;0.51;1.12;1.64;1.70;0.89;0.18;0.91;1.66;1.46;4.05;0.360;0.31;1.12;0.277;0.62;0.78;0.793
Slava Medvedenko;2004-2005;REG;Lakers;43;9.77;3.84;0.72;1.12;1.84;0.30;0.21;0.05;0.30;1.49;1.65;3.63;0.455;0.00;0.02;0.000;0.53;0.65;0.821
Anthony Peeler;2004-2005;REG;Wizards;40;13.17;3.83;0.35;1.28;1.63;1.43;0.45;0.05;0.70;0.98;1.40;3.75;0.373;0.63;1.63;0.385;0.40;0.45;0.889
Darrick Martin;2004-2005;REG;Clippers;11;17.22;3.82;0.27;0.64;0.91;2.55;0.55;0.00;0.55;1.73;1.45;4.55;0.320;0.45;1.64;0.278;0.45;0.73;0.625
Matt Barnes;2004-2005;REG;Kings, 76ers;43;16.42;3.81;1.14;1.95;3.09;1.33;0.70;0.16;1.05;1.86;1.44;3.51;0.411;0.12;0.51;0.227;0.81;1.35;0.603
Richie Frahm;2004-2005;REG;Trail Blazers;43;11.39;3.81;0.40;1.02;1.42;0.70;0.35;0.09;0.33;0.81;1.30;3.26;0.400;0.72;1.86;0.387;0.49;0.58;0.840
Brian Grant;2004-2005;REG;Lakers;69;16.38;3.81;1.46;2.26;3.72;0.49;0.33;0.33;0.62;2.54;1.49;3.03;0.493;0.00;0.00;0.000;0.83;1.14;0.722
Randy Livingston;2004-2005;REG;Jazz;17;13.50;3.76;0.18;0.53;0.71;2.65;0.71;0.12;0.82;1.65;1.29;3.06;0.423;0.29;0.47;0.625;0.88;1.00;0.882
George Lynch;2004-2005;REG;Hornets;44;21.23;3.73;1.25;2.70;3.95;2.00;0.73;0.27;1.30;1.89;1.55;4.30;0.360;0.25;0.84;0.297;0.39;0.52;0.739
Francisco Elson;2004-2005;REG;Nuggets;67;14.03;3.70;0.91;2.09;3.00;0.51;0.51;0.61;0.60;1.93;1.51;3.22;0.468;0.01;0.04;0.333;0.67;1.18;0.570
Jabari Smith;2004-2005;REG;Nets;45;14.17;3.69;0.64;1.82;2.47;0.84;0.56;0.31;0.87;2.29;1.38;3.29;0.419;0.02;0.04;0.500;0.91;1.22;0.745
Eddie Gill;2004-2005;REG;Pacers;73;13.92;3.68;0.22;1.32;1.53;1.14;0.81;0.07;0.82;1.44;1.11;3.32;0.335;0.49;1.60;0.308;0.97;1.11;0.877
Billy Thomas;2004-2005;REG;Nets;25;14.09;3.68;0.28;1.16;1.44;0.68;0.56;0.04;0.36;1.16;1.36;3.76;0.362;0.68;2.24;0.304;0.28;0.36;0.778
Andris Biedrins;2004-2005;REG;Warriors;30;12.76;3.63;1.57;2.37;3.93;0.40;0.40;0.80;0.40;2.90;1.50;2.60;0.577;0.00;0.03;0.000;0.63;1.33;0.475
Walter McCarty;2004-2005;REG;Celtics, Suns;72;12.53;3.61;0.40;1.51;1.92;0.51;0.35;0.21;0.50;2.00;1.32;3.26;0.404;0.76;2.15;0.355;0.21;0.40;0.517
Dion Glover;2004-2005;REG;Spurs;7;9.48;3.57;0.43;1.14;1.57;0.57;0.43;0.43;0.29;1.29;1.14;3.14;0.364;0.14;1.14;0.125;1.14;1.43;0.800
Marcus Haislip;2004-2005;REG;Bucks, Pacers;9;11.65;3.56;0.56;1.11;1.67;0.33;0.22;0.22;0.67;1.67;1.44;4.22;0.342;0.00;0.11;0.000;0.67;1.22;0.545
Royal Ivey;2004-2005;REG;Hawks;62;13.08;3.55;0.31;1.05;1.35;1.66;0.63;0.11;0.94;2.26;1.37;3.19;0.429;0.05;0.15;0.333;0.76;1.08;0.702
Vitaly Potapenko;2004-2005;REG;SuperSonics;33;10.22;3.55;0.91;1.45;2.36;0.27;0.21;0.09;0.36;1.61;1.36;2.64;0.517;0.00;0.03;0.000;0.82;0.94;0.871
Stacey Augmon;2004-2005;REG;Magic;55;11.95;3.51;0.82;0.98;1.80;0.65;0.42;0.15;0.56;1.51;1.24;3.04;0.407;0.00;0.00;0.000;1.04;1.40;0.740
Alan Henderson;2004-2005;REG;Mavericks;78;15.32;3.50;2.10;2.36;4.46;0.27;0.37;0.47;0.63;1.91;1.49;2.82;0.527;0.00;0.03;0.000;0.53;0.97;0.539
Tamar Slay;2004-2005;REG;Bobcats;8;9.63;3.50;0.75;1.00;1.75;0.38;0.63;0.00;1.00;2.50;1.63;4.88;0.333;0.25;1.50;0.167;0.00;0.25;0.000
Jamal Sampson;2004-2005;REG;Bobcats;23;14.21;3.43;1.57;3.74;5.30;0.35;0.17;0.74;0.74;2.30;1.22;2.70;0.452;0.00;0.00;0.000;1.00;1.70;0.590
Donta Smith;2004-2005;REG;Hawks;38;11.44;3.34;0.50;0.87;1.37;1.03;0.61;0.13;0.66;1.32;1.16;2.97;0.389;0.16;0.58;0.273;0.87;1.26;0.687
Qyntel Woods;2004-2005;REG;Trail Blazers, Heat;3;13.24;3.33;0.67;1.33;2.00;0.00;1.33;0.00;0.67;2.00;1.67;4.00;0.417;0.00;0.00;0.000;0.00;0.00;0.000
Jackie Butler;2004-2005;REG;Knicks;3;1.46;3.33;0.00;0.00;0.00;0.00;0.33;0.00;0.33;0.00;1.33;1.33;1.000;0.00;0.00;0.000;0.67;0.67;1.000
Rafael Araujo;2004-2005;REG;Raptors;59;12.52;3.32;1.00;2.14;3.14;0.27;0.36;0.14;0.88;2.66;1.29;2.97;0.434;0.02;0.05;0.333;0.73;0.93;0.782
Sean Marks;2004-2005;REG;Spurs;23;10.53;3.30;0.78;1.65;2.43;0.35;0.13;0.48;0.61;1.26;1.17;3.48;0.337;0.00;0.13;0.000;0.96;1.22;0.786
Ronald Dupree;2004-2005;REG;Pistons;46;10.03;3.30;0.72;1.24;1.96;0.52;0.15;0.22;0.48;1.30;1.33;2.74;0.484;0.02;0.04;0.499;0.63;1.02;0.617
Luke Walton;2004-2005;REG;Lakers;61;12.49;3.25;0.90;1.43;2.33;1.52;0.43;0.18;0.95;1.15;1.21;2.95;0.411;0.26;1.00;0.262;0.56;0.79;0.708
Laron Profit;2004-2005;REG;Wizards;42;10.10;3.24;0.57;1.24;1.81;0.88;0.38;0.12;0.64;1.05;1.33;3.05;0.437;0.19;0.67;0.286;0.38;0.60;0.640
Tony Massenburg;2004-2005;REG;Spurs;61;11.38;3.21;0.89;1.79;2.67;0.23;0.30;0.33;0.66;2.00;1.21;2.98;0.407;0.00;0.00;0.000;0.79;1.03;0.762
Zendon Hamilton;2004-2005;REG;Bucks;16;10.05;3.19;1.13;1.50;2.63;0.38;0.31;0.13;0.75;1.63;0.69;2.00;0.344;0.00;0.00;0.000;1.81;3.00;0.604
Theron Smith;2004-2005;REG;Bobcats;33;15.36;3.18;1.18;2.33;3.52;0.85;0.18;0.12;0.82;1.76;1.33;4.12;0.324;0.09;0.36;0.250;0.42;0.48;0.875
Brandon Hunter;2004-2005;REG;Magic;30;6.95;3.17;0.83;1.47;2.30;0.10;0.13;0.23;0.73;1.40;1.23;2.43;0.507;0.00;0.00;0.000;0.70;1.30;0.538
Maciej Lampe;2004-2005;REG;Suns, Hornets;37;10.27;3.11;0.65;1.76;2.41;0.30;0.14;0.19;0.46;1.38;1.32;3.57;0.371;0.05;0.11;0.500;0.41;0.59;0.682
Andre Barrett;2004-2005;REG;Rockets, Magic;38;12.54;3.11;0.29;0.76;1.05;1.82;0.50;0.03;0.71;1.34;1.18;3.26;0.363;0.37;1.37;0.269;0.37;0.50;0.737
Lionel Chalmers;2004-2005;REG;Clippers;36;11.88;3.08;0.11;0.75;0.86;1.42;0.36;0.00;0.67;0.83;1.17;3.47;0.336;0.33;1.36;0.245;0.42;0.67;0.625
Clar. Weatherspoon;2004-2005;REG;Rockets;40;13.09;3.08;0.88;2.18;3.05;0.43;0.23;0.15;0.38;1.85;1.18;2.85;0.412;0.00;0.00;0.000;0.73;0.88;0.829
Ansu Sesay;2004-2005;REG;Warriors;16;7.95;3.06;1.13;1.25;2.38;0.75;0.13;0.19;0.50;1.00;1.06;2.63;0.405;0.13;0.50;0.250;0.81;1.50;0.542
Cory Alexander;2004-2005;REG;Bobcats;16;12.39;3.06;0.50;1.31;1.81;2.31;0.56;0.06;1.19;1.81;1.00;3.06;0.327;0.50;1.19;0.421;0.56;0.75;0.750
Antonio Burks;2004-2005;REG;Grizzlies;24;9.10;3.04;0.04;0.46;0.50;1.17;0.54;0.04;0.50;1.04;1.17;2.50;0.467;0.13;0.46;0.273;0.58;0.79;0.737
Bernard Robinson;2004-2005;REG;Bobcats;31;10.65;3.00;0.45;1.10;1.55;0.97;0.35;0.13;0.65;1.35;1.16;2.61;0.444;0.10;0.26;0.375;0.58;0.84;0.692
Smush Parker;2004-2005;REG;Pistons, Suns;16;8.81;3.00;0.25;0.50;0.75;0.94;0.31;0.00;1.19;1.00;1.13;2.69;0.419;0.19;0.81;0.231;0.56;0.81;0.692
Kevin Willis;2004-2005;REG;Hawks;29;11.90;3.00;1.00;1.62;2.62;0.31;0.28;0.24;0.52;1.83;1.21;3.10;0.389;0.00;0.07;0.000;0.59;0.79;0.739
Elden Campbell;2004-2005;REG;Pistons, Jazz, Nets;40;9.81;3.00;0.70;1.63;2.33;0.48;0.20;0.18;0.73;1.43;0.98;3.08;0.317;0.00;0.05;0.000;1.05;1.38;0.764
Curtis Borchardt;2004-2005;REG;Jazz;67;12.78;2.99;1.28;2.06;3.34;0.73;0.15;0.48;0.78;2.39;1.10;2.57;0.430;0.00;0.00;0.000;0.78;1.06;0.732
Kevin Martin;2004-2005;REG;Kings;45;10.17;2.91;0.64;0.64;1.29;0.49;0.36;0.07;0.53;0.78;1.00;2.60;0.385;0.11;0.56;0.200;0.80;1.22;0.655
Ryan Humphrey;2004-2005;REG;Grizzlies;35;9.11;2.91;1.43;1.06;2.49;0.17;0.29;0.03;0.66;1.00;1.20;2.94;0.408;0.00;0.06;0.000;0.51;1.06;0.487
Luke Jackson;2004-2005;REG;Cavaliers;10;4.31;2.90;0.20;0.40;0.60;0.30;0.00;0.00;0.20;0.40;1.00;2.70;0.370;0.40;0.60;0.667;0.50;0.60;0.833
Sasha Vujacic;2004-2005;REG;Lakers;35;11.50;2.89;0.37;1.40;1.77;1.46;0.34;0.06;0.43;1.17;0.94;3.34;0.282;0.49;1.80;0.270;0.51;0.54;0.947
Josh Davis;2004-2005;REG;76ers;41;7.83;2.85;0.71;1.22;1.93;0.29;0.20;0.10;0.37;1.10;1.02;2.71;0.378;0.46;1.29;0.358;0.34;0.41;0.824
Horace Jenkins;2004-2005;REG;Pistons;15;6.81;2.80;0.20;0.40;0.60;0.60;0.33;0.07;0.47;0.40;1.00;3.00;0.333;0.00;0.60;0.000;0.80;0.87;0.923
Anthony Carter;2004-2005;REG;Timberwolves;65;11.18;2.78;0.18;0.88;1.06;2.48;0.54;0.28;0.95;1.35;1.11;2.72;0.407;0.03;0.26;0.118;0.54;0.78;0.686
Shawn Bradley;2004-2005;REG;Mavericks;77;11.43;2.74;0.91;1.87;2.78;0.19;0.32;0.82;0.43;1.99;1.09;2.42;0.452;0.00;0.00;0.000;0.56;0.82;0.682
Corsley Edwards;2004-2005;REG;Hornets;10;11.00;2.70;1.20;1.30;2.50;0.30;0.30;0.40;0.20;1.90;1.00;3.10;0.323;0.00;0.00;0.000;0.70;1.20;0.583
Mario Kasun;2004-2005;REG;Magic;44;7.92;2.68;1.18;1.73;2.91;0.18;0.18;0.30;0.59;1.95;1.07;2.23;0.480;0.00;0.02;0.000;0.55;0.98;0.558
Donnell Harvey;2004-2005;REG;Nets;3;5.31;2.67;0.67;1.67;2.33;0.33;0.33;0.33;0.33;0.67;0.67;0.67;1.000;0.00;0.00;0.000;1.33;1.33;1.000
Jake Tsakalidis;2004-2005;REG;Grizzlies;31;9.06;2.52;0.68;1.13;1.81;0.32;0.10;0.52;0.39;1.35;1.03;2.06;0.500;0.00;0.00;0.000;0.45;0.58;0.778
John Thomas;2004-2005;REG;Timberwolves;44;11.86;2.52;0.89;1.32;2.20;0.39;0.34;0.30;0.41;1.86;0.95;1.95;0.488;0.00;0.00;0.000;0.61;1.05;0.587
Tony Bobbitt;2004-2005;REG;Lakers;2;5.97;2.50;0.00;1.50;1.50;0.00;0.00;0.00;0.00;0.50;1.00;2.50;0.400;0.50;1.00;0.500;0.00;0.00;0.000
Kendrick Perkins;2004-2005;REG;Celtics;60;9.08;2.48;0.88;2.05;2.93;0.35;0.15;0.62;0.72;1.63;0.93;1.98;0.471;0.00;0.00;0.000;0.62;0.97;0.638
Jahidi White;2004-2005;REG;Bobcats;17;6.97;2.47;0.65;1.35;2.00;0.06;0.12;0.71;0.65;1.82;0.82;1.82;0.452;0.00;0.00;0.000;0.82;2.35;0.350
Calvin Booth;2004-2005;REG;Mavericks, Bucks;51;8.91;2.43;0.57;1.53;2.10;0.16;0.29;0.55;0.31;1.53;0.96;2.12;0.454;0.00;0.02;0.000;0.51;0.63;0.812
Moochie Norris;2004-2005;REG;Knicks, Rockets;37;9.65;2.43;0.27;0.97;1.24;1.05;0.49;0.05;0.73;1.19;0.95;2.89;0.327;0.00;0.32;0.000;0.54;0.65;0.833
Tremaine Fowlkes;2004-2005;REG;Pacers;8;6.68;2.38;0.38;0.63;1.00;0.00;0.25;0.00;0.63;0.88;1.13;2.13;0.529;0.13;0.38;0.333;0.00;0.25;0.000
James Thomas;2004-2005;REG;Trail Blazers, Hawks;11;10.33;2.36;1.55;1.82;3.36;0.36;0.36;0.36;0.64;1.18;1.09;1.82;0.600;0.00;0.00;0.000;0.18;0.55;0.333
Dorell Wright;2004-2005;REG;Heat;3;9.24;2.33;0.00;0.33;0.33;1.00;1.33;0.00;1.00;0.67;1.00;3.67;0.273;0.00;1.33;0.000;0.33;0.33;1.000
Pape Sow;2004-2005;REG;Raptors;27;9.02;2.30;0.67;1.44;2.11;0.07;0.44;0.15;0.37;1.70;0.85;2.15;0.397;0.00;0.00;0.000;0.59;1.00;0.593
Mark Jones;2004-2005;REG;Magic;10;11.50;2.30;0.60;0.70;1.30;0.60;0.50;0.20;0.30;1.60;0.90;3.10;0.290;0.00;0.40;0.000;0.50;1.00;0.500
Vlade Divac;2004-2005;REG;Lakers;15;8.79;2.27;1.20;0.93;2.13;1.27;0.27;0.07;0.93;1.67;0.87;2.07;0.419;0.00;0.00;0.000;0.53;0.80;0.667
Aaron McKie;2004-2005;REG;76ers;68;16.57;2.24;0.29;2.24;2.53;1.51;0.71;0.25;0.46;1.71;0.90;2.09;0.430;0.29;0.91;0.323;0.15;0.24;0.625
Luis Flores;2004-2005;REG;Warriors, Nuggets;16;4.72;2.19;0.06;0.13;0.19;0.69;0.13;0.00;0.69;0.56;0.88;1.81;0.483;0.31;0.63;0.500;0.13;0.13;1.000
Adrian Griffin;2004-2005;REG;Bulls;69;9.39;2.19;0.75;1.36;2.12;0.77;0.62;0.06;0.43;1.13;0.84;2.33;0.360;0.03;0.13;0.222;0.48;0.64;0.750
Mark Madsen;2004-2005;REG;Timberwolves;41;14.65;2.15;1.54;1.59;3.12;0.44;0.17;0.34;0.59;2.51;0.83;1.61;0.515;0.00;0.00;0.000;0.49;0.98;0.500
Wang Zhi-zhi;2004-2005;REG;Heat;20;4.51;2.15;0.30;0.60;0.90;0.25;0.15;0.10;0.25;0.45;0.85;1.80;0.472;0.10;0.15;0.667;0.35;0.60;0.583
Jake Voskuhl;2004-2005;REG;Suns;38;9.52;2.11;0.79;1.63;2.42;0.45;0.11;0.29;0.53;1.58;0.71;1.55;0.458;0.00;0.00;0.000;0.68;1.00;0.684
Michael Stewart;2004-2005;REG;Hawks;12;11.89;2.08;1.75;1.58;3.33;0.42;0.50;0.42;0.50;2.67;0.92;1.75;0.524;0.00;0.00;0.000;0.25;0.58;0.429
Anthony Miller;2004-2005;REG;Hawks;2;4.85;2.00;0.00;0.50;0.50;0.50;0.50;0.00;0.50;1.00;1.00;1.50;0.667;0.00;0.00;0.000;0.00;0.00;0.000
Britton Johnsen;2004-2005;REG;Pacers;6;14.01;2.00;0.83;0.83;1.67;0.67;0.17;0.00;0.50;1.67;1.00;3.67;0.273;0.00;0.67;0.000;0.00;0.00;0.000
Jermaine Jackson;2004-2005;REG;Knicks;21;10.75;2.00;0.14;0.95;1.10;1.14;0.33;0.05;0.48;1.24;0.81;1.57;0.515;0.00;0.10;0.000;0.38;0.62;0.616
Daniel Santiago;2004-2005;REG;Bucks;11;9.54;2.00;0.55;1.18;1.73;0.09;0.27;0.36;0.36;2.55;0.64;1.91;0.333;0.00;0.00;0.000;0.73;1.00;0.727
Reece Gaines;2004-2005;REG;Rockets, Bucks;21;8.68;1.95;0.05;0.62;0.67;0.33;0.24;0.05;0.33;0.81;0.81;2.38;0.340;0.19;0.67;0.286;0.14;0.19;0.750
Justin Reed;2004-2005;REG;Celtics;22;4.50;1.86;0.36;0.32;0.68;0.45;0.14;0.05;0.23;0.55;0.68;1.32;0.517;0.00;0.14;0.000;0.50;0.68;0.733
Michael Bradley;2004-2005;REG;Magic, Kings, 76ers;18;6.52;1.83;0.44;1.11;1.56;0.28;0.06;0.11;0.28;0.67;0.83;1.33;0.625;0.00;0.06;0.000;0.17;0.44;0.375
Peter Ramos;2004-2005;REG;Wizards;6;3.26;1.83;0.17;0.50;0.67;0.00;0.00;0.17;0.50;0.67;0.83;1.67;0.500;0.00;0.00;0.000;0.17;0.33;0.500
Mamadou N'diaye;2004-2005;REG;Clippers;11;6.74;1.82;0.82;0.82;1.64;0.09;0.09;0.45;0.00;1.82;0.73;1.82;0.400;0.00;0.09;0.000;0.36;0.64;0.571
Darko Milicic;2004-2005;REG;Pistons;37;6.80;1.81;0.08;1.08;1.16;0.19;0.05;0.46;0.43;0.84;0.68;2.05;0.329;0.00;0.00;0.000;0.46;0.65;0.708
Derrick Coleman;2004-2005;REG;Pistons;5;10.06;1.80;0.60;2.40;3.00;0.00;0.00;0.00;0.40;1.20;0.60;2.80;0.214;0.00;0.40;0.000;0.60;0.60;1.000
Mike Wilks;2004-2005;REG;Spurs;46;5.71;1.76;0.09;0.39;0.48;0.70;0.30;0.02;0.30;0.52;0.70;1.63;0.427;0.11;0.33;0.333;0.26;0.35;0.750
Yuta Tabuse;2004-2005;REG;Suns;4;4.26;1.75;0.50;0.50;1.00;0.75;0.00;0.00;0.25;0.25;0.25;1.50;0.167;0.25;0.25;1.000;1.00;1.00;1.000
Rod Strickland;2004-2005;REG;Rockets;16;12.37;1.75;0.19;1.50;1.69;2.44;0.19;0.13;1.00;0.94;0.56;2.69;0.209;0.06;0.13;0.500;0.56;0.63;0.900
Scott Williams;2004-2005;REG;Cavaliers;19;8.00;1.74;0.79;0.79;1.58;0.42;0.21;0.32;0.26;1.58;0.63;2.16;0.293;0.00;0.05;0.000;0.47;0.58;0.818
Aaron Williams;2004-2005;REG;Nets, Raptors;42;7.44;1.74;0.40;1.02;1.43;0.19;0.12;0.19;0.40;1.67;0.69;1.50;0.460;0.00;0.00;0.000;0.36;0.40;0.882
Aleksandar Radojevic;2004-2005;REG;Jazz;11;11.47;1.73;0.82;1.64;2.45;0.55;0.00;0.18;1.36;2.82;0.55;1.73;0.316;0.00;0.00;0.000;0.64;0.91;0.700
Jamison Brewer;2004-2005;REG;Knicks;18;10.11;1.72;0.33;0.89;1.22;0.67;0.44;0.06;0.72;0.61;0.61;2.06;0.297;0.17;0.83;0.200;0.33;0.72;0.462
Samaki Walker;2004-2005;REG;Wizards;14;9.72;1.71;0.57;0.71;1.29;0.29;0.21;0.50;0.57;1.79;0.79;2.21;0.355;0.00;0.00;0.000;0.14;0.21;0.667
Kedrick Brown;2004-2005;REG;76ers;7;6.60;1.71;0.00;1.29;1.29;0.43;0.43;0.14;0.57;0.43;0.29;0.86;0.333;0.00;0.43;0.000;1.14;1.43;0.800
Ryan Bowen;2004-2005;REG;Rockets;66;8.93;1.68;0.32;0.83;1.15;0.27;0.35;0.08;0.11;0.92;0.71;1.68;0.423;0.05;0.09;0.501;0.21;0.32;0.667
Michael Curry;2004-2005;REG;Pacers;18;13.93;1.67;0.44;1.06;1.50;0.83;0.28;0.22;0.28;2.17;0.72;1.61;0.448;0.00;0.00;0.000;0.22;0.44;0.500
Ervin Johnson;2004-2005;REG;Timberwolves;46;8.89;1.59;0.93;1.52;2.46;0.13;0.15;0.28;0.39;1.87;0.61;1.17;0.519;0.02;0.02;1.000;0.35;0.54;0.640
Greg Ostertag;2004-2005;REG;Kings;56;9.94;1.55;0.98;2.00;2.98;0.66;0.13;0.71;0.43;1.57;0.66;1.50;0.440;0.00;0.04;0.000;0.23;0.68;0.342
Jelani McCoy;2004-2005;REG;Hawks;10;8.65;1.50;0.70;1.40;2.10;0.00;0.30;0.80;0.60;2.40;0.70;1.30;0.538;0.00;0.00;0.000;0.10;0.50;0.200
Lonny Baxter;2004-2005;REG;Hornets;4;9.00;1.50;1.00;1.00;2.00;0.00;0.00;0.00;1.00;2.50;0.75;2.75;0.273;0.00;0.00;0.000;0.00;0.50;0.000
Nikoloz Tskitishvili;2004-2005;REG;Nuggets, Warriors;35;6.17;1.43;0.34;0.83;1.17;0.29;0.23;0.31;0.54;0.94;0.63;2.11;0.297;0.06;0.49;0.118;0.11;0.20;0.572
Michael Ruffin;2004-2005;REG;Wizards;79;15.97;1.41;1.99;2.22;4.20;0.81;0.54;0.52;0.56;2.44;0.52;1.25;0.414;0.00;0.01;0.000;0.37;0.85;0.433
Jerome Moiso;2004-2005;REG;Raptors, Nets, Cavaliers;20;6.00;1.40;0.50;1.35;1.85;0.05;0.15;0.30;0.35;0.65;0.45;0.90;0.500;0.00;0.05;0.000;0.50;0.65;0.769
Ha Seung-Jin;2004-2005;REG;Trail Blazers;19;5.29;1.37;0.32;0.63;0.95;0.11;0.05;0.26;0.63;1.11;0.53;1.21;0.435;0.00;0.00;0.000;0.32;0.58;0.546
Geno Carlisle;2004-2005;REG;Trail Blazers;6;2.66;1.33;0.17;0.00;0.17;0.17;0.00;0.00;0.17;0.17;0.33;0.50;0.667;0.00;0.00;0.000;0.67;1.00;0.667
Paul Shirley;2004-2005;REG;Suns;9;3.33;1.33;0.11;0.11;0.22;0.33;0.00;0.00;0.11;0.33;0.56;1.22;0.455;0.00;0.00;0.000;0.22;0.44;0.500
Vin Baker;2004-2005;REG;Knicks, Rockets;27;7.55;1.30;0.63;0.81;1.44;0.37;0.07;0.15;0.63;1.41;0.48;1.56;0.310;0.00;0.04;0.000;0.33;0.63;0.529
Bruno Sundov;2004-2005;REG;Knicks;21;3.30;1.19;0.29;0.33;0.62;0.10;0.10;0.10;0.29;0.76;0.52;1.76;0.297;0.05;0.14;0.333;0.10;0.10;1.000
Kaniel Dickens;2004-2005;REG;Nets;11;5.28;1.18;0.27;0.55;0.82;0.09;0.18;0.09;0.18;0.45;0.36;1.27;0.286;0.27;0.82;0.333;0.18;0.18;1.000
John Edwards;2004-2005;REG;Pacers;25;5.43;1.16;0.32;0.44;0.76;0.12;0.12;0.16;0.32;0.48;0.44;1.20;0.367;0.00;0.00;0.000;0.28;0.56;0.500
Andrew DeClercq;2004-2005;REG;Magic;8;6.19;1.13;0.88;0.38;1.25;0.00;0.25;0.00;0.13;1.75;0.50;1.13;0.444;0.00;0.00;0.000;0.13;0.38;0.333
Jared Reiner;2004-2005;REG;Bulls;19;7.02;1.11;0.68;1.32;2.00;0.05;0.16;0.37;0.47;1.84;0.53;1.58;0.333;0.00;0.00;0.000;0.05;0.21;0.250
Kevin Ollie;2004-2005;REG;76ers;26;6.14;1.08;0.12;0.62;0.73;0.73;0.19;0.00;0.23;0.62;0.42;1.19;0.355;0.00;0.00;0.000;0.23;0.35;0.667
DJ Mbenga;2004-2005;REG;Mavericks;14;3.83;1.07;0.21;0.36;0.57;0.00;0.00;0.21;0.36;0.79;0.43;1.00;0.429;0.00;0.00;0.000;0.21;0.29;0.750
DeSagana Diop;2004-2005;REG;Cavaliers;39;7.83;1.03;0.77;1.03;1.79;0.38;0.21;0.69;0.31;1.36;0.51;1.77;0.290;0.00;0.05;0.000;0.00;0.13;0.000
Darvin Ham;2004-2005;REG;Pistons;47;5.39;0.98;0.40;0.34;0.74;0.11;0.13;0.15;0.17;0.83;0.36;0.79;0.459;0.00;0.00;0.000;0.26;0.66;0.387
Robert Swift;2004-2005;REG;SuperSonics;16;4.41;0.94;0.06;0.25;0.31;0.13;0.06;0.44;0.25;1.00;0.31;0.69;0.455;0.00;0.00;0.000;0.31;0.56;0.556
Mateen Cleaves;2004-2005;REG;SuperSonics;14;3.86;0.93;0.14;0.29;0.43;0.50;0.14;0.00;0.14;0.14;0.36;1.00;0.357;0.00;0.14;0.000;0.21;0.29;0.750
Awvee Storey;2004-2005;REG;Nets;9;3.32;0.89;0.44;0.11;0.56;0.11;0.00;0.00;0.00;0.33;0.33;1.11;0.300;0.11;0.22;0.500;0.11;0.22;0.500
Andre Emmett;2004-2005;REG;Grizzlies;8;3.25;0.88;0.00;0.25;0.25;0.00;0.00;0.00;0.13;0.50;0.25;0.75;0.333;0.00;0.00;0.000;0.38;0.63;0.600
Torraye Braggs;2004-2005;REG;Rockets;7;3.24;0.86;1.00;0.71;1.71;0.00;0.00;0.00;0.29;0.57;0.43;1.00;0.429;0.00;0.00;0.000;0.00;0.00;0.000
Bo Outlaw;2004-2005;REG;Suns;39;5.52;0.74;0.41;0.95;1.36;0.33;0.15;0.31;0.21;0.74;0.31;0.87;0.353;0.00;0.00;0.000;0.13;0.23;0.555
Frank Williams;2004-2005;REG;Bulls;9;7.72;0.67;0.22;0.44;0.67;1.22;0.22;0.33;0.33;1.00;0.33;2.22;0.150;0.00;0.44;0.000;0.00;0.00;0.000
Erik Daniels;2004-2005;REG;Kings;21;3.40;0.62;0.33;0.52;0.86;0.19;0.10;0.00;0.29;0.33;0.29;0.86;0.333;0.05;0.10;0.500;0.00;0.00;0.000
Kirk Penney;2004-2005;REG;Clippers;4;3.03;0.50;0.00;0.25;0.25;0.25;0.00;0.00;0.50;0.00;0.25;0.75;0.333;0.00;0.25;0.000;0.00;0.00;0.000
Mark Pope;2004-2005;REG;Nuggets;9;2.93;0.44;0.56;0.33;0.89;0.11;0.11;0.22;0.11;0.56;0.22;0.67;0.333;0.00;0.00;0.000;0.00;0.00;0.000
Pavel Podkolzin;2004-2005;REG;Mavericks;5;1.78;0.20;0.00;0.40;0.40;0.00;0.00;0.00;0.40;0.80;0.00;0.00;0.000;0.00;0.00;0.000;0.20;0.40;0.500
Maurice Baker;2004-2005;REG;Clippers, Trail Blazers;5;3.83;0.00;0.20;0.20;0.40;0.20;0.20;0.00;0.20;0.60;0.00;0.20;0.000;0.00;0.00;0.000;0.00;0.00;0.000
Brandin Knight;2004-2005;REG;Rockets;1;2.78;0.00;0.00;0.00;0.00;1.00;0.00;0.00;0.00;0.00;0.00;1.00;0.000;0.00;0.00;0.000;0.00;0.00;0.000
Linton Johnson;2004-2005;REG;Spurs;2;7.62;0.00;0.00;1.50;1.50;0.00;0.50;0.00;0.50;0.50;0.00;1.00;0.000;0.00;0.50;0.000;0.00;0.00;0.000
Ibrahim Kutluay;2004-2005;REG;SuperSonics;5;2.18;0.00;0.00;0.20;0.20;0.00;0.00;0.00;0.40;0.20;0.00;0.20;0.000;0.00;0.00;0.000;0.00;0.00;0.000
